,Regression type,lambda,kFold,Complexity,Value,Metric
0,OLS,0,0,0,1.068286339745794,MSE
1,OLS,0,0,1,0.9926198737699247,MSE
2,OLS,0,0,2,0.988579007024473,MSE
3,OLS,0,0,3,0.9753439749060521,MSE
4,OLS,0,0,4,0.9661512407185485,MSE
5,OLS,0,0,5,0.9552815987001587,MSE
6,OLS,0,0,6,0.9433869355240364,MSE
7,OLS,0,0,7,0.938954868840515,MSE
8,OLS,0,0,8,0.9193489290989522,MSE
9,OLS,0,0,9,0.8909564391530322,MSE
10,OLS,0,0,10,0.890672140726134,MSE
11,OLS,0,0,11,0.8818542612973772,MSE
12,OLS,0,0,12,0.8672731761604678,MSE
13,OLS,0,0,13,0.8662373068512309,MSE
14,OLS,0,0,14,0.864030485726619,MSE
15,OLS,0,0,15,0.859997390802748,MSE
16,OLS,0,0,16,0.854514029375559,MSE
17,OLS,0,0,17,0.845234836462605,MSE
18,OLS,0,0,18,0.8455811661349617,MSE
19,OLS,0,0,19,0.84409830648861,MSE
20,OLS,0,0,20,0.8366564412713513,MSE
0,OLS,0,0,0,0.0,Bias
1,OLS,0,0,1,-0.15133293195173914,Bias
2,OLS,0,0,2,-0.15941466544264205,Bias
3,OLS,0,0,3,-0.18588472967948766,Bias
4,OLS,0,0,4,-0.20427019805452573,Bias
5,OLS,0,0,5,-0.22600948209763483,Bias
6,OLS,0,0,6,-0.24979880859054027,Bias
7,OLS,0,0,7,-0.2586629389341434,Bias
8,OLS,0,0,8,-0.29787455189276824,Bias
9,OLS,0,0,9,-0.35465838978920716,Bias
10,OLS,0,0,10,-0.3552306156146948,Bias
11,OLS,0,0,11,-0.3728598399496966,Bias
12,OLS,0,0,12,-0.40213600934499383,Bias
13,OLS,0,0,13,-0.4040975775481317,Bias
14,OLS,0,0,14,-0.40851295317395,Bias
15,OLS,0,0,15,-0.4165762968710479,Bias
16,OLS,0,0,16,-0.4275453848719587,Bias
17,OLS,0,0,17,-0.44610336020965247,Bias
18,OLS,0,0,18,-0.44541078694243175,Bias
19,OLS,0,0,19,-0.44837378556903107,Bias
20,OLS,0,0,20,-0.46324552738364466,Bias
0,OLS,0,0,0,0.0,Variance
1,OLS,0,0,1,0.07566646597586973,Variance
2,OLS,0,0,2,0.07970733272132105,Variance
3,OLS,0,0,3,0.09294236483974572,Variance
4,OLS,0,0,4,0.10213509902728027,Variance
5,OLS,0,0,5,0.11300474105199948,Variance
6,OLS,0,0,6,0.12489940436878261,Variance
7,OLS,0,0,7,0.12933146802886444,Variance
8,OLS,0,0,8,0.14893714124592639,Variance
9,OLS,0,0,9,0.1773284891964454,Variance
10,OLS,0,0,10,0.17761641659503483,Variance
11,OLS,0,0,11,0.18642776150127985,Variance
12,OLS,0,0,12,0.20112284575966763,Variance
13,OLS,0,0,13,0.20204854465356864,Variance
14,OLS,0,0,14,0.204257099154775,Variance
15,OLS,0,0,15,0.20828734792800185,Variance
16,OLS,0,0,16,0.21377307450172367,Variance
17,OLS,0,0,17,0.22305185692646348,Variance
18,OLS,0,0,18,0.2227056133315994,Variance
19,OLS,0,0,19,0.22418575231184698,Variance
20,OLS,0,0,20,0.23161562890920193,Variance
0,OLS,0,0,0,0.0,R2
1,OLS,0,0,1,0.07082976086156334,R2
2,OLS,0,0,2,0.0746123298181347,R2
3,OLS,0,0,3,0.08700136038607242,R2
4,OLS,0,0,4,0.09560648229532664,R2
5,OLS,0,0,5,0.10578132176858646,R2
6,OLS,0,0,6,0.1169156616300816,R2
7,OLS,0,0,7,0.12106442448384613,R2
8,OLS,0,0,8,0.13941712545185458,R2
9,OLS,0,0,9,0.1659947281877242,R2
10,OLS,0,0,10,0.16626085386613154,R2
11,OLS,0,0,11,0.17451508225105605,R2
12,OLS,0,0,12,0.18816412426761786,R2
13,OLS,0,0,13,0.18913377937851583,R2
14,OLS,0,0,14,0.19119953744590534,R2
15,OLS,0,0,15,0.19497483136647598,R2
16,OLS,0,0,16,0.20010768875047458,R2
17,OLS,0,0,17,0.20879374282391894,R2
18,OLS,0,0,18,0.20846955102302123,R2
19,OLS,0,0,19,0.20985762423071996,R2
20,OLS,0,0,20,0.21682379513488936,R2
0,OLS,0,0,0,,MSE_train
1,OLS,0,0,1,,MSE_train
2,OLS,0,0,2,,MSE_train
3,OLS,0,0,3,,MSE_train
4,OLS,0,0,4,,MSE_train
5,OLS,0,0,5,,MSE_train
6,OLS,0,0,6,,MSE_train
7,OLS,0,0,7,,MSE_train
8,OLS,0,0,8,,MSE_train
9,OLS,0,0,9,,MSE_train
10,OLS,0,0,10,,MSE_train
11,OLS,0,0,11,,MSE_train
12,OLS,0,0,12,,MSE_train
13,OLS,0,0,13,,MSE_train
14,OLS,0,0,14,,MSE_train
15,OLS,0,0,15,,MSE_train
16,OLS,0,0,16,,MSE_train
17,OLS,0,0,17,,MSE_train
18,OLS,0,0,18,,MSE_train
19,OLS,0,0,19,,MSE_train
20,OLS,0,0,20,,MSE_train
0,RIDGE,1e-05,0,0,1.068286339745794,MSE
1,RIDGE,1e-05,0,1,0.9926198737699395,MSE
2,RIDGE,1e-05,0,2,0.988579007025464,MSE
3,RIDGE,1e-05,0,3,0.9753439755721329,MSE
4,RIDGE,1e-05,0,4,0.9661515825668507,MSE
5,RIDGE,1e-05,0,5,0.9553699253136674,MSE
6,RIDGE,1e-05,0,6,0.9472795286736281,MSE
7,RIDGE,1e-05,0,7,0.9445117236725241,MSE
8,RIDGE,1e-05,0,8,0.9434539349319642,MSE
9,RIDGE,1e-05,0,9,0.9419313375111961,MSE
10,RIDGE,1e-05,0,10,0.9392464006995512,MSE
11,RIDGE,1e-05,0,11,0.9360251772378546,MSE
12,RIDGE,1e-05,0,12,0.9328439898706951,MSE
13,RIDGE,1e-05,0,13,0.9298971410072416,MSE
14,RIDGE,1e-05,0,14,0.9271619683042053,MSE
15,RIDGE,1e-05,0,15,0.924573274318109,MSE
16,RIDGE,1e-05,0,16,0.9220964415606356,MSE
17,RIDGE,1e-05,0,17,0.9197387467453375,MSE
18,RIDGE,1e-05,0,18,0.9175266855322589,MSE
19,RIDGE,1e-05,0,19,0.9154837598223368,MSE
20,RIDGE,1e-05,0,20,0.9136229902549892,MSE
0,RIDGE,1e-05,0,0,0.0,Bias
1,RIDGE,1e-05,0,1,-0.15133286580226535,Bias
2,RIDGE,1e-05,0,2,-0.15941443304880853,Bias
3,RIDGE,1e-05,0,3,-0.18587926025508728,Bias
4,RIDGE,1e-05,0,4,-0.2041795468539208,Bias
5,RIDGE,1e-05,0,5,-0.2243210022724157,Bias
6,RIDGE,1e-05,0,6,-0.23887574352155994,Bias
7,RIDGE,1e-05,0,7,-0.24495187149873887,Bias
8,RIDGE,1e-05,0,8,-0.2477066851544546,Bias
9,RIDGE,1e-05,0,9,-0.2502014432321754,Bias
10,RIDGE,1e-05,0,10,-0.25424512961108614,Bias
11,RIDGE,1e-05,0,11,-0.2595140539665123,Bias
12,RIDGE,1e-05,0,12,-0.2650958486378262,Bias
13,RIDGE,1e-05,0,13,-0.27040273612255394,Bias
14,RIDGE,1e-05,0,14,-0.27525209048932,Bias
15,RIDGE,1e-05,0,15,-0.2796827641763264,Bias
16,RIDGE,1e-05,0,16,-0.2838033738877106,Bias
17,RIDGE,1e-05,0,17,-0.2877097244907191,Bias
18,RIDGE,1e-05,0,18,-0.29145377069485123,Bias
19,RIDGE,1e-05,0,19,-0.29504418177196656,Bias
20,RIDGE,1e-05,0,20,-0.29845985075581216,Bias
0,RIDGE,1e-05,0,0,3.0814879110195774e-33,Variance
1,RIDGE,1e-05,0,1,0.07566639982641084,Variance
2,RIDGE,1e-05,0,2,0.07970710032847854,Variance
3,RIDGE,1e-05,0,3,0.0929368960814262,Variance
4,RIDGE,1e-05,0,4,0.10204478967497756,Variance
5,RIDGE,1e-05,0,5,0.1114045878402891,Variance
6,RIDGE,1e-05,0,6,0.11786893244939405,Variance
7,RIDGE,1e-05,0,7,0.12117725542546894,Variance
8,RIDGE,1e-05,0,8,0.12287428034062474,Variance
9,RIDGE,1e-05,0,9,0.12384644099757743,Variance
10,RIDGE,1e-05,0,10,0.12520519056484333,Variance
11,RIDGE,1e-05,0,11,0.12725289145857285,Variance
12,RIDGE,1e-05,0,12,0.12965349876272722,Variance
13,RIDGE,1e-05,0,13,0.13201353738400157,Variance
14,RIDGE,1e-05,0,14,0.13412771904773121,Variance
15,RIDGE,1e-05,0,15,0.13596969874864137,Variance
16,RIDGE,1e-05,0,16,0.13761347570255228,Variance
17,RIDGE,1e-05,0,17,0.13916213149026258,Variance
18,RIDGE,1e-05,0,18,0.14069411648131616,Variance
19,RIDGE,1e-05,0,19,0.14224160184850934,Variance
20,RIDGE,1e-05,0,20,0.14379650126500734,Variance
0,RIDGE,1e-05,0,0,0.0,R2
1,RIDGE,1e-05,0,1,0.07082976086154946,R2
2,RIDGE,1e-05,0,2,0.07461232981720711,R2
3,RIDGE,1e-05,0,3,0.0870013597625684,R2
4,RIDGE,1e-05,0,4,0.09560616229844054,R2
5,RIDGE,1e-05,0,5,0.10569864111432514,R2
6,RIDGE,1e-05,0,6,0.11327188841613423,R2
7,RIDGE,1e-05,0,7,0.1158627714950684,R2
8,RIDGE,1e-05,0,8,0.11685294491693554,R2
9,RIDGE,1e-05,0,9,0.1182782158055724,R2
10,RIDGE,1e-05,0,10,0.12079152774428314,R2
11,RIDGE,1e-05,0,11,0.12380684614895665,R2
12,RIDGE,1e-05,0,12,0.12678468762160566,R2
13,RIDGE,1e-05,0,13,0.12954316983167924,R2
14,RIDGE,1e-05,0,14,0.1321035065141526,R2
15,RIDGE,1e-05,0,15,0.13452672760178008,R2
16,RIDGE,1e-05,0,16,0.13684523778516655,R2
17,RIDGE,1e-05,0,17,0.13905222548835028,R2
18,RIDGE,1e-05,0,18,0.14112288869050738,R2
19,RIDGE,1e-05,0,19,0.1430352277647,R2
20,RIDGE,1e-05,0,20,0.14477705436878285,R2
0,RIDGE,1e-05,0,0,,MSE_train
1,RIDGE,1e-05,0,1,,MSE_train
2,RIDGE,1e-05,0,2,,MSE_train
3,RIDGE,1e-05,0,3,,MSE_train
4,RIDGE,1e-05,0,4,,MSE_train
5,RIDGE,1e-05,0,5,,MSE_train
6,RIDGE,1e-05,0,6,,MSE_train
7,RIDGE,1e-05,0,7,,MSE_train
8,RIDGE,1e-05,0,8,,MSE_train
9,RIDGE,1e-05,0,9,,MSE_train
10,RIDGE,1e-05,0,10,,MSE_train
11,RIDGE,1e-05,0,11,,MSE_train
12,RIDGE,1e-05,0,12,,MSE_train
13,RIDGE,1e-05,0,13,,MSE_train
14,RIDGE,1e-05,0,14,,MSE_train
15,RIDGE,1e-05,0,15,,MSE_train
16,RIDGE,1e-05,0,16,,MSE_train
17,RIDGE,1e-05,0,17,,MSE_train
18,RIDGE,1e-05,0,18,,MSE_train
19,RIDGE,1e-05,0,19,,MSE_train
20,RIDGE,1e-05,0,20,,MSE_train
0,LASSO,1e-05,0,0,1.0682863398457942,MSE
1,LASSO,1e-05,0,1,0.992619879452041,MSE
2,LASSO,1e-05,0,2,0.9885792786560466,MSE
3,LASSO,1e-05,0,3,0.9753515627716627,MSE
4,LASSO,1e-05,0,4,0.9664247095073879,MSE
5,LASSO,1e-05,0,5,0.9594001573257294,MSE
6,LASSO,1e-05,0,6,0.9529121660828462,MSE
7,LASSO,1e-05,0,7,0.9489609709090978,MSE
8,LASSO,1e-05,0,8,0.9470308284435249,MSE
9,LASSO,1e-05,0,9,0.9462062771050134,MSE
10,LASSO,1e-05,0,10,0.9457802917314423,MSE
11,LASSO,1e-05,0,11,0.9450548831865467,MSE
12,LASSO,1e-05,0,12,0.94369822631474,MSE
13,LASSO,1e-05,0,13,0.9414842892060399,MSE
14,LASSO,1e-05,0,14,0.939638254471847,MSE
15,LASSO,1e-05,0,15,0.9380246515766664,MSE
16,LASSO,1e-05,0,16,0.9359093747468051,MSE
17,LASSO,1e-05,0,17,0.9342552094928774,MSE
18,LASSO,1e-05,0,18,0.9333151130103099,MSE
19,LASSO,1e-05,0,19,0.9320713158132456,MSE
20,LASSO,1e-05,0,20,0.9313165329907782,MSE
0,LASSO,1e-05,0,0,1.0000023031864202e-10,Bias
1,LASSO,1e-05,0,1,-0.15129210189898157,Bias
2,LASSO,1e-05,0,2,-0.15930926192185968,Bias
3,LASSO,1e-05,0,3,-0.18537407038717668,Bias
4,LASSO,1e-05,0,4,-0.20183307813083484,Bias
5,LASSO,1e-05,0,5,-0.21225863439568404,Bias
6,LASSO,1e-05,0,6,-0.22422410397100478,Bias
7,LASSO,1e-05,0,7,-0.23180937780297484,Bias
8,LASSO,1e-05,0,8,-0.2362189817507664,Bias
9,LASSO,1e-05,0,9,-0.23838895481677658,Bias
10,LASSO,1e-05,0,10,-0.2397071212153261,Bias
11,LASSO,1e-05,0,11,-0.24118258606586895,Bias
12,LASSO,1e-05,0,12,-0.2432464145784472,Bias
13,LASSO,1e-05,0,13,-0.24667871598315172,Bias
14,LASSO,1e-05,0,14,-0.24980574266727995,Bias
15,LASSO,1e-05,0,15,-0.25273388828984134,Bias
16,LASSO,1e-05,0,16,-0.25631936034828473,Bias
17,LASSO,1e-05,0,17,-0.25918859916515313,Bias
18,LASSO,1e-05,0,18,-0.2611002541962385,Bias
19,LASSO,1e-05,0,19,-0.2633873065570551,Bias
20,LASSO,1e-05,0,20,-0.26492619444311627,Bias
0,LASSO,1e-05,0,0,1.232595164407831e-32,Variance
1,LASSO,1e-05,0,1,0.07562564160522857,Variance
2,LASSO,1e-05,0,2,0.07960220083211224,Variance
3,LASSO,1e-05,0,3,0.09243929341304538,Variance
4,LASSO,1e-05,0,4,0.09997144789242869,Variance
5,LASSO,1e-05,0,5,0.10337245197561944,Variance
6,LASSO,1e-05,0,6,0.10884993030805697,Variance
7,LASSO,1e-05,0,7,0.11248400896627869,Variance
8,LASSO,1e-05,0,8,0.11496347044849728,Variance
9,LASSO,1e-05,0,9,0.11630889217599595,Variance
10,LASSO,1e-05,0,10,0.11720107320097443,Variance
11,LASSO,1e-05,0,11,0.1179511295066217,Variance
12,LASSO,1e-05,0,12,0.1186583011473932,Variance
13,LASSO,1e-05,0,13,0.11987666544339755,Variance
14,LASSO,1e-05,0,14,0.12115765739333295,Variance
15,LASSO,1e-05,0,15,0.12247220012071364,Variance
16,LASSO,1e-05,0,16,0.12394239534929585,Variance
17,LASSO,1e-05,0,17,0.12515746891223653,Variance
18,LASSO,1e-05,0,18,0.12612902746075436,Variance
19,LASSO,1e-05,0,19,0.12717228262450678,Variance
20,LASSO,1e-05,0,20,0.12795638768810047,Variance
0,LASSO,1e-05,0,0,-9.360801023206022e-11,R2
1,LASSO,1e-05,0,1,0.07082975554265569,R2
2,LASSO,1e-05,0,2,0.0746120755496269,R2
3,LASSO,1e-05,0,3,0.08699425754732193,R2
4,LASSO,1e-05,0,4,0.09535049400954132,R2
5,LASSO,1e-05,0,5,0.10192602710428267,R2
6,LASSO,1e-05,0,6,0.1079992969772523,R2
7,LASSO,1e-05,0,7,0.11169792629295494,R2
8,LASSO,1e-05,0,8,0.11350469138370034,R2
9,LASSO,1e-05,0,9,0.11427653626070933,R2
10,LASSO,1e-05,0,10,0.1146752920602756,R2
11,LASSO,1e-05,0,11,0.11535433148810192,R2
12,LASSO,1e-05,0,12,0.11662426897708034,R2
13,LASSO,1e-05,0,13,0.11869668816501722,R2
14,LASSO,1e-05,0,14,0.12042472180685171,R2
15,LASSO,1e-05,0,15,0.12193518097416134,R2
16,LASSO,1e-05,0,16,0.12391524638468077,R2
17,LASSO,1e-05,0,17,0.12546367510868883,R2
18,LASSO,1e-05,0,18,0.12634367932440427,R2
19,LASSO,1e-05,0,19,0.12750797128507863,R2
20,LASSO,1e-05,0,20,0.12821450734604423,R2
0,LASSO,1e-05,0,0,,MSE_train
1,LASSO,1e-05,0,1,,MSE_train
2,LASSO,1e-05,0,2,,MSE_train
3,LASSO,1e-05,0,3,,MSE_train
4,LASSO,1e-05,0,4,,MSE_train
5,LASSO,1e-05,0,5,,MSE_train
6,LASSO,1e-05,0,6,,MSE_train
7,LASSO,1e-05,0,7,,MSE_train
8,LASSO,1e-05,0,8,,MSE_train
9,LASSO,1e-05,0,9,,MSE_train
10,LASSO,1e-05,0,10,,MSE_train
11,LASSO,1e-05,0,11,,MSE_train
12,LASSO,1e-05,0,12,,MSE_train
13,LASSO,1e-05,0,13,,MSE_train
14,LASSO,1e-05,0,14,,MSE_train
15,LASSO,1e-05,0,15,,MSE_train
16,LASSO,1e-05,0,16,,MSE_train
17,LASSO,1e-05,0,17,,MSE_train
18,LASSO,1e-05,0,18,,MSE_train
19,LASSO,1e-05,0,19,,MSE_train
20,LASSO,1e-05,0,20,,MSE_train
0,RIDGE,0.001,0,0,1.0682863397465359,MSE
1,RIDGE,0.001,0,1,0.9926198739195569,MSE
2,RIDGE,0.001,0,2,0.9885790169179607,MSE
3,RIDGE,0.001,0,3,0.9753503049957899,MSE
4,RIDGE,0.001,0,4,0.9671406188180699,MSE
5,RIDGE,0.001,0,5,0.9638229788533768,MSE
6,RIDGE,0.001,0,6,0.9580847952400982,MSE
7,RIDGE,0.001,0,7,0.9531056197507203,MSE
8,RIDGE,0.001,0,8,0.9497686379501633,MSE
9,RIDGE,0.001,0,9,0.947951860967364,MSE
10,RIDGE,0.001,0,10,0.9469128483904681,MSE
11,RIDGE,0.001,0,11,0.945957155704678,MSE
12,RIDGE,0.001,0,12,0.9447349728726308,MSE
13,RIDGE,0.001,0,13,0.9431716643489267,MSE
14,RIDGE,0.001,0,14,0.9413534311987485,MSE
15,RIDGE,0.001,0,15,0.939437030846597,MSE
16,RIDGE,0.001,0,16,0.9375787837668044,MSE
17,RIDGE,0.001,0,17,0.9358901651543264,MSE
18,RIDGE,0.001,0,18,0.9344250787903337,MSE
19,RIDGE,0.001,0,19,0.9331895955770613,MSE
20,RIDGE,0.001,0,20,0.9321596617129995,MSE
0,RIDGE,0.001,0,0,7.418510250545296e-13,Bias
1,RIDGE,0.001,0,1,-0.15132631724314316,Bias
2,RIDGE,0.001,0,2,-0.1593914448738195,Bias
3,RIDGE,0.001,0,3,-0.18535066734784977,Bias
4,RIDGE,0.001,0,4,-0.19879799641479856,Bias
5,RIDGE,0.001,0,5,-0.20420993290867218,Bias
6,RIDGE,0.001,0,6,-0.21269232979748964,Bias
7,RIDGE,0.001,0,7,-0.22156313640013692,Bias
8,RIDGE,0.001,0,8,-0.22858932832000844,Bias
9,RIDGE,0.001,0,9,-0.23330269325785769,Bias
10,RIDGE,0.001,0,10,-0.2362917009135701,Bias
11,RIDGE,0.001,0,11,-0.23849357301234042,Bias
12,RIDGE,0.001,0,12,-0.24063674802263513,Bias
13,RIDGE,0.001,0,13,-0.24309327259119928,Bias
14,RIDGE,0.001,0,14,-0.24593984831536042,Bias
15,RIDGE,0.001,0,15,-0.24906998375414957,Bias
16,RIDGE,0.001,0,16,-0.25230108160750964,Bias
17,RIDGE,0.001,0,17,-0.25545391553767893,Bias
18,RIDGE,0.001,0,18,-0.2583957694235687,Bias
19,RIDGE,0.001,0,19,-0.26105198771569393,Bias
20,RIDGE,0.001,0,20,-0.2633983821830017,Bias
0,RIDGE,0.001,0,0,3.0814879110195774e-33,Variance
1,RIDGE,0.001,0,1,0.07565985141690601,Variance
2,RIDGE,0.001,0,2,0.07968412204598614,Variance
3,RIDGE,0.001,0,3,0.09241463259784569,Variance
4,RIDGE,0.001,0,4,0.09765227548707439,Variance
5,RIDGE,0.001,0,5,0.09974657201625488,Variance
6,RIDGE,0.001,0,6,0.10249078529179374,Variance
7,RIDGE,0.001,0,7,0.10638241640506314,Variance
8,RIDGE,0.001,0,8,0.11007162652437776,Variance
9,RIDGE,0.001,0,9,0.1129682144794276,Variance
10,RIDGE,0.001,0,10,0.11491820955824412,Variance
11,RIDGE,0.001,0,11,0.11616438897122434,Variance
12,RIDGE,0.001,0,12,0.11708538114947188,Variance
13,RIDGE,0.001,0,13,0.11797859719433197,Variance
14,RIDGE,0.001,0,14,0.1190069397683149,Variance
15,RIDGE,0.001,0,15,0.12022067485495262,Variance
16,RIDGE,0.001,0,16,0.12159352562852001,Variance
17,RIDGE,0.001,0,17,0.1230577409462114,Variance
18,RIDGE,0.001,0,18,0.12453450846810833,Variance
19,RIDGE,0.001,0,19,0.1259552435469612,Variance
20,RIDGE,0.001,0,20,0.12727170415020722,Variance
0,RIDGE,0.001,0,0,-6.943334796005729e-13,R2
1,RIDGE,0.001,0,1,0.07082976072149583,R2
2,RIDGE,0.001,0,2,0.07461232055705247,R2
3,RIDGE,0.001,0,3,0.08699543492442197,R2
4,RIDGE,0.001,0,4,0.09468034661174496,R2
5,RIDGE,0.001,0,5,0.09778591844324724,R2
6,RIDGE,0.001,0,6,0.10315730942690804,R2
7,RIDGE,0.001,0,7,0.10781820913527906,R2
8,RIDGE,0.001,0,8,0.11094188644575653,R2
9,RIDGE,0.001,0,9,0.11264253253211542,R2
10,RIDGE,0.001,0,10,0.11361512998865797,R2
11,RIDGE,0.001,0,11,0.11450973347672422,R2
12,RIDGE,0.001,0,12,0.11565379269247533,R2
13,RIDGE,0.001,0,13,0.11711717237406527,R2
14,RIDGE,0.001,0,14,0.11881918154757098,R2
15,RIDGE,0.001,0,15,0.12061308293978334,R2
16,RIDGE,0.001,0,16,0.12235254829720321,R2
17,RIDGE,0.001,0,17,0.12393322807345097,R2
18,RIDGE,0.001,0,18,0.12530466409157082,R2
19,RIDGE,0.001,0,19,0.12646117350979136,R2
20,RIDGE,0.001,0,20,0.12742527257737557,R2
0,RIDGE,0.001,0,0,,MSE_train
1,RIDGE,0.001,0,1,,MSE_train
2,RIDGE,0.001,0,2,,MSE_train
3,RIDGE,0.001,0,3,,MSE_train
4,RIDGE,0.001,0,4,,MSE_train
5,RIDGE,0.001,0,5,,MSE_train
6,RIDGE,0.001,0,6,,MSE_train
7,RIDGE,0.001,0,7,,MSE_train
8,RIDGE,0.001,0,8,,MSE_train
9,RIDGE,0.001,0,9,,MSE_train
10,RIDGE,0.001,0,10,,MSE_train
11,RIDGE,0.001,0,11,,MSE_train
12,RIDGE,0.001,0,12,,MSE_train
13,RIDGE,0.001,0,13,,MSE_train
14,RIDGE,0.001,0,14,,MSE_train
15,RIDGE,0.001,0,15,,MSE_train
16,RIDGE,0.001,0,16,,MSE_train
17,RIDGE,0.001,0,17,,MSE_train
18,RIDGE,0.001,0,18,,MSE_train
19,RIDGE,0.001,0,19,,MSE_train
20,RIDGE,0.001,0,20,,MSE_train
0,LASSO,0.001,0,0,1.0682873397457942,MSE
1,LASSO,0.001,0,1,0.9926764855586413,MSE
2,LASSO,0.001,0,2,0.9906825019646456,MSE
3,LASSO,0.001,0,3,0.9876791547582665,MSE
4,LASSO,0.001,0,4,0.9802603781536323,MSE
5,LASSO,0.001,0,5,0.9789190169814194,MSE
6,LASSO,0.001,0,6,0.978121687887406,MSE
7,LASSO,0.001,0,7,0.9776204958324308,MSE
8,LASSO,0.001,0,8,0.9772648350063368,MSE
9,LASSO,0.001,0,9,0.9770326264990367,MSE
10,LASSO,0.001,0,10,0.9768654330560324,MSE
11,LASSO,0.001,0,11,0.9767541187342785,MSE
12,LASSO,0.001,0,12,0.9766950446962375,MSE
13,LASSO,0.001,0,13,0.9766366413692935,MSE
14,LASSO,0.001,0,14,0.9765870391169555,MSE
15,LASSO,0.001,0,15,0.9762457720927992,MSE
16,LASSO,0.001,0,16,0.9757628567057887,MSE
17,LASSO,0.001,0,17,0.9752884624497845,MSE
18,LASSO,0.001,0,18,0.974916113760812,MSE
19,LASSO,0.001,0,19,0.9745090465183962,MSE
20,LASSO,0.001,0,20,0.9741186076817576,MSE
0,LASSO,0.001,0,0,1.000000000139778e-06,Bias
1,LASSO,0.001,0,1,-0.14725632320263604,Bias
2,LASSO,0.001,0,2,-0.14986950309753877,Bias
3,LASSO,0.001,0,3,-0.1544043471473061,Bias
4,LASSO,0.001,0,4,-0.1653621781230531,Bias
5,LASSO,0.001,0,5,-0.16892151133557498,Bias
6,LASSO,0.001,0,6,-0.17099497060332014,Bias
7,LASSO,0.001,0,7,-0.17233258615694647,Bias
8,LASSO,0.001,0,8,-0.17332592193082164,Bias
9,LASSO,0.001,0,9,-0.17385272112702976,Bias
10,LASSO,0.001,0,10,-0.17422673881415118,Bias
11,LASSO,0.001,0,11,-0.17445768061811517,Bias
12,LASSO,0.001,0,12,-0.17464060009942595,Bias
13,LASSO,0.001,0,13,-0.17478378005825612,Bias
14,LASSO,0.001,0,14,-0.1748593468687908,Bias
15,LASSO,0.001,0,15,-0.17522344741583984,Bias
16,LASSO,0.001,0,16,-0.1758144617522308,Bias
17,LASSO,0.001,0,17,-0.17638815138161368,Bias
18,LASSO,0.001,0,18,-0.17687139252173534,Bias
19,LASSO,0.001,0,19,-0.17744212905384293,Bias
20,LASSO,0.001,0,20,-0.17797493237765605,Bias
0,LASSO,0.001,0,0,1.232595164407831e-32,Variance
1,LASSO,0.001,0,1,0.07164646901548329,Variance
2,LASSO,0.001,0,2,0.07226566531639038,Variance
3,LASSO,0.001,0,3,0.07379716215977856,Variance
4,LASSO,0.001,0,4,0.07733621653089143,Variance
5,LASSO,0.001,0,5,0.07955418857120032,Variance
6,LASSO,0.001,0,6,0.08083031874493217,Variance
7,LASSO,0.001,0,7,0.08166674224358332,Variance
8,LASSO,0.001,0,8,0.08230441719136433,Variance
9,LASSO,0.001,0,9,0.08259900788027236,Variance
10,LASSO,0.001,0,10,0.08280583212438956,Variance
11,LASSO,0.001,0,11,0.08292545960659965,Variance
12,LASSO,0.001,0,12,0.08304930504986945,Variance
13,LASSO,0.001,0,13,0.08313408168175565,Variance
14,LASSO,0.001,0,14,0.08316004623995235,Variance
15,LASSO,0.001,0,15,0.08318287976284504,Variance
16,LASSO,0.001,0,16,0.08329097871222545,Variance
17,LASSO,0.001,0,17,0.08339027408560419,Variance
18,LASSO,0.001,0,18,0.08350116653675328,Variance
19,LASSO,0.001,0,19,0.08366483582644513,Variance
20,LASSO,0.001,0,20,0.0838072003136196,Variance
0,LASSO,0.001,0,0,-9.360786175083291e-07,R2
1,LASSO,0.001,0,1,0.07077676777664743,R2
2,LASSO,0.001,0,2,0.07264329318262641,R2
3,LASSO,0.001,0,3,0.07545466228343667,R2
4,LASSO,0.001,0,4,0.08239922043102055,R2
5,LASSO,0.001,0,5,0.08365483994266965,R2
6,LASSO,0.001,0,6,0.08440120265868356,R2
7,LASSO,0.001,0,7,0.08487035782460517,R2
8,LASSO,0.001,0,8,0.08520328431899304,R2
9,LASSO,0.001,0,9,0.08542064973747754,R2
10,LASSO,0.001,0,10,0.08557715594445958,R2
11,LASSO,0.001,0,11,0.08568135490087447,R2
12,LASSO,0.001,0,12,0.08573665284473386,R2
13,LASSO,0.001,0,13,0.08579132295027692,R2
14,LASSO,0.001,0,14,0.08583775455807008,R2
15,LASSO,0.001,0,15,0.08615720732223964,R2
16,LASSO,0.001,0,16,0.08660925409008036,R2
17,LASSO,0.001,0,17,0.08705332440938929,R2
18,LASSO,0.001,0,18,0.0874018720553893,R2
19,LASSO,0.001,0,19,0.08778291899689816,R2
20,LASSO,0.001,0,20,0.08814840044331596,R2
0,LASSO,0.001,0,0,,MSE_train
1,LASSO,0.001,0,1,,MSE_train
2,LASSO,0.001,0,2,,MSE_train
3,LASSO,0.001,0,3,,MSE_train
4,LASSO,0.001,0,4,,MSE_train
5,LASSO,0.001,0,5,,MSE_train
6,LASSO,0.001,0,6,,MSE_train
7,LASSO,0.001,0,7,,MSE_train
8,LASSO,0.001,0,8,,MSE_train
9,LASSO,0.001,0,9,,MSE_train
10,LASSO,0.001,0,10,,MSE_train
11,LASSO,0.001,0,11,,MSE_train
12,LASSO,0.001,0,12,,MSE_train
13,LASSO,0.001,0,13,,MSE_train
14,LASSO,0.001,0,14,,MSE_train
15,LASSO,0.001,0,15,,MSE_train
16,LASSO,0.001,0,16,,MSE_train
17,LASSO,0.001,0,17,,MSE_train
18,LASSO,0.001,0,18,,MSE_train
19,LASSO,0.001,0,19,,MSE_train
20,LASSO,0.001,0,20,,MSE_train
0,RIDGE,0.1,0,0,1.0682863471584716,MSE
1,RIDGE,0.1,0,1,0.9926213592088193,MSE
2,RIDGE,0.1,0,2,0.9886618366370662,MSE
3,RIDGE,0.1,0,3,0.9807657495963245,MSE
4,RIDGE,0.1,0,4,0.9764202443150196,MSE
5,RIDGE,0.1,0,5,0.9743124768685738,MSE
6,RIDGE,0.1,0,6,0.972840182751018,MSE
7,RIDGE,0.1,0,7,0.9715511839215748,MSE
8,RIDGE,0.1,0,8,0.9702101516085908,MSE
9,RIDGE,0.1,0,9,0.9687795319803488,MSE
10,RIDGE,0.1,0,10,0.9673374244985328,MSE
11,RIDGE,0.1,0,11,0.9659776271846686,MSE
12,RIDGE,0.1,0,12,0.9647615349445662,MSE
13,RIDGE,0.1,0,13,0.9637092327825251,MSE
14,RIDGE,0.1,0,14,0.96280958933631,MSE
15,RIDGE,0.1,0,15,0.9620349408093668,MSE
16,RIDGE,0.1,0,16,0.9613530596909307,MSE
17,RIDGE,0.1,0,17,0.9607344827342919,MSE
18,RIDGE,0.1,0,18,0.9601558597540115,MSE
19,RIDGE,0.1,0,19,0.9596006594341148,MSE
20,RIDGE,0.1,0,20,0.9590584301295046,MSE
0,RIDGE,0.1,0,0,7.412677582863125e-09,Bias
1,RIDGE,0.1,0,1,-0.1506738405270006,Bias
2,RIDGE,0.1,0,2,-0.15726457764805557,Bias
3,RIDGE,0.1,0,3,-0.16881233134646434,Bias
4,RIDGE,0.1,0,4,-0.1774374952145441,Bias
5,RIDGE,0.1,0,5,-0.18240212678667256,Bias
6,RIDGE,0.1,0,6,-0.1856201887078398,Bias
7,RIDGE,0.1,0,7,-0.18811914784606187,Bias
8,RIDGE,0.1,0,8,-0.19040379792265472,Bias
9,RIDGE,0.1,0,9,-0.19266128683335615,Bias
10,RIDGE,0.1,0,10,-0.19488862016268904,Bias
11,RIDGE,0.1,0,11,-0.1970148865608209,Bias
12,RIDGE,0.1,0,12,-0.19897363825662062,Bias
13,RIDGE,0.1,0,13,-0.2007297439032203,Bias
14,RIDGE,0.1,0,14,-0.2022800655597634,Bias
15,RIDGE,0.1,0,15,-0.20364359655817443,Bias
16,RIDGE,0.1,0,16,-0.2048502258560846,Bias
17,RIDGE,0.1,0,17,-0.20593207643555023,Bias
18,RIDGE,0.1,0,18,-0.20691825468322378,Bias
19,RIDGE,0.1,0,19,-0.20783246116035148,Bias
20,RIDGE,0.1,0,20,-0.20869253293547108,Bias
0,RIDGE,0.1,0,0,1.232595164407831e-32,Variance
1,RIDGE,0.1,0,1,0.07500885999002596,Variance
2,RIDGE,0.1,0,2,0.07764007453932774,Variance
3,RIDGE,0.1,0,3,0.0812917411969948,Variance
4,RIDGE,0.1,0,4,0.08557139978376968,Variance
5,RIDGE,0.1,0,5,0.08842826390945234,Variance
6,RIDGE,0.1,0,6,0.09017403171306382,Variance
7,RIDGE,0.1,0,7,0.09138399202184264,Variance
8,RIDGE,0.1,0,8,0.09232760978545146,Variance
9,RIDGE,0.1,0,9,0.09315447906791101,Variance
10,RIDGE,0.1,0,10,0.0939397049154278,Variance
11,RIDGE,0.1,0,11,0.09470617399969551,Variance
12,RIDGE,0.1,0,12,0.09544883345539279,Variance
13,RIDGE,0.1,0,13,0.09615263693995132,Variance
14,RIDGE,0.1,0,14,0.09680331515027936,Variance
15,RIDGE,0.1,0,15,0.09739219762174725,Variance
16,RIDGE,0.1,0,16,0.09791694580122126,Variance
17,RIDGE,0.1,0,17,0.09838021942404805,Variance
18,RIDGE,0.1,0,18,0.09878777469144134,Variance
19,RIDGE,0.1,0,19,0.09914678084867223,Variance
20,RIDGE,0.1,0,20,0.09946462331918167,Variance
0,RIDGE,0.1,0,0,-6.938848828852429e-09,R2
1,RIDGE,0.1,0,1,0.07082837037397649,R2
2,RIDGE,0.1,0,2,0.07453479478889069,R2
3,RIDGE,0.1,0,3,0.08192615302962292,R2
4,RIDGE,0.1,0,4,0.08599388760567195,R2
5,RIDGE,0.1,0,5,0.08796692364294578,R2
6,RIDGE,0.1,0,6,0.08934510668505613,R2
7,RIDGE,0.1,0,7,0.09055171092727643,R2
8,RIDGE,0.1,0,8,0.09180702260083307,R2
9,RIDGE,0.1,0,9,0.09314619504460164,R2
10,RIDGE,0.1,0,10,0.09449612102246185,R2
11,RIDGE,0.1,0,11,0.09576899821209972,R2
12,RIDGE,0.1,0,12,0.09690735615496338,R2
13,RIDGE,0.1,0,13,0.09789239370799574,R2
14,RIDGE,0.1,0,14,0.09873453070136895,R2
15,RIDGE,0.1,0,15,0.09945966262351591,R2
16,RIDGE,0.1,0,16,0.10009795695815871,R2
17,RIDGE,0.1,0,17,0.1006769936205445,R2
18,RIDGE,0.1,0,18,0.10121863021997723,R2
19,RIDGE,0.1,0,19,0.10173834136786009,R2
20,RIDGE,0.1,0,20,0.10224591062568578,R2
0,RIDGE,0.1,0,0,,MSE_train
1,RIDGE,0.1,0,1,,MSE_train
2,RIDGE,0.1,0,2,,MSE_train
3,RIDGE,0.1,0,3,,MSE_train
4,RIDGE,0.1,0,4,,MSE_train
5,RIDGE,0.1,0,5,,MSE_train
6,RIDGE,0.1,0,6,,MSE_train
7,RIDGE,0.1,0,7,,MSE_train
8,RIDGE,0.1,0,8,,MSE_train
9,RIDGE,0.1,0,9,,MSE_train
10,RIDGE,0.1,0,10,,MSE_train
11,RIDGE,0.1,0,11,,MSE_train
12,RIDGE,0.1,0,12,,MSE_train
13,RIDGE,0.1,0,13,,MSE_train
14,RIDGE,0.1,0,14,,MSE_train
15,RIDGE,0.1,0,15,,MSE_train
16,RIDGE,0.1,0,16,,MSE_train
17,RIDGE,0.1,0,17,,MSE_train
18,RIDGE,0.1,0,18,,MSE_train
19,RIDGE,0.1,0,19,,MSE_train
20,RIDGE,0.1,0,20,,MSE_train
0,LASSO,0.1,0,0,1.078286339745794,MSE
1,LASSO,0.1,0,1,1.078286339745794,MSE
2,LASSO,0.1,0,2,1.078286339745794,MSE
3,LASSO,0.1,0,3,1.078286339745794,MSE
4,LASSO,0.1,0,4,1.078286339745794,MSE
5,LASSO,0.1,0,5,1.078286339745794,MSE
6,LASSO,0.1,0,6,1.078286339745794,MSE
7,LASSO,0.1,0,7,1.078286339745794,MSE
8,LASSO,0.1,0,8,1.078286339745794,MSE
9,LASSO,0.1,0,9,1.078286339745794,MSE
10,LASSO,0.1,0,10,1.078286339745794,MSE
11,LASSO,0.1,0,11,1.078286339745794,MSE
12,LASSO,0.1,0,12,1.078286339745794,MSE
13,LASSO,0.1,0,13,1.078286339745794,MSE
14,LASSO,0.1,0,14,1.078286339745794,MSE
15,LASSO,0.1,0,15,1.078286339745794,MSE
16,LASSO,0.1,0,16,1.078286339745794,MSE
17,LASSO,0.1,0,17,1.078286339745794,MSE
18,LASSO,0.1,0,18,1.078286339745794,MSE
19,LASSO,0.1,0,19,1.078286339745794,MSE
20,LASSO,0.1,0,20,1.078286339745794,MSE
0,LASSO,0.1,0,0,0.010000000000000009,Bias
1,LASSO,0.1,0,1,0.010000000000000009,Bias
2,LASSO,0.1,0,2,0.010000000000000009,Bias
3,LASSO,0.1,0,3,0.010000000000000009,Bias
4,LASSO,0.1,0,4,0.010000000000000009,Bias
5,LASSO,0.1,0,5,0.010000000000000009,Bias
6,LASSO,0.1,0,6,0.010000000000000009,Bias
7,LASSO,0.1,0,7,0.010000000000000009,Bias
8,LASSO,0.1,0,8,0.010000000000000009,Bias
9,LASSO,0.1,0,9,0.010000000000000009,Bias
10,LASSO,0.1,0,10,0.010000000000000009,Bias
11,LASSO,0.1,0,11,0.010000000000000009,Bias
12,LASSO,0.1,0,12,0.010000000000000009,Bias
13,LASSO,0.1,0,13,0.010000000000000009,Bias
14,LASSO,0.1,0,14,0.010000000000000009,Bias
15,LASSO,0.1,0,15,0.010000000000000009,Bias
16,LASSO,0.1,0,16,0.010000000000000009,Bias
17,LASSO,0.1,0,17,0.010000000000000009,Bias
18,LASSO,0.1,0,18,0.010000000000000009,Bias
19,LASSO,0.1,0,19,0.010000000000000009,Bias
20,LASSO,0.1,0,20,0.010000000000000009,Bias
0,LASSO,0.1,0,0,0.0,Variance
1,LASSO,0.1,0,1,0.0,Variance
2,LASSO,0.1,0,2,0.0,Variance
3,LASSO,0.1,0,3,0.0,Variance
4,LASSO,0.1,0,4,0.0,Variance
5,LASSO,0.1,0,5,0.0,Variance
6,LASSO,0.1,0,6,0.0,Variance
7,LASSO,0.1,0,7,0.0,Variance
8,LASSO,0.1,0,8,0.0,Variance
9,LASSO,0.1,0,9,0.0,Variance
10,LASSO,0.1,0,10,0.0,Variance
11,LASSO,0.1,0,11,0.0,Variance
12,LASSO,0.1,0,12,0.0,Variance
13,LASSO,0.1,0,13,0.0,Variance
14,LASSO,0.1,0,14,0.0,Variance
15,LASSO,0.1,0,15,0.0,Variance
16,LASSO,0.1,0,16,0.0,Variance
17,LASSO,0.1,0,17,0.0,Variance
18,LASSO,0.1,0,18,0.0,Variance
19,LASSO,0.1,0,19,0.0,Variance
20,LASSO,0.1,0,20,0.0,Variance
0,LASSO,0.1,0,0,-0.009360786174968272,R2
1,LASSO,0.1,0,1,-0.009360786174968272,R2
2,LASSO,0.1,0,2,-0.009360786174968272,R2
3,LASSO,0.1,0,3,-0.009360786174968272,R2
4,LASSO,0.1,0,4,-0.009360786174968272,R2
5,LASSO,0.1,0,5,-0.009360786174968272,R2
6,LASSO,0.1,0,6,-0.009360786174968272,R2
7,LASSO,0.1,0,7,-0.009360786174968272,R2
8,LASSO,0.1,0,8,-0.009360786174968272,R2
9,LASSO,0.1,0,9,-0.009360786174968272,R2
10,LASSO,0.1,0,10,-0.009360786174968272,R2
11,LASSO,0.1,0,11,-0.009360786174968272,R2
12,LASSO,0.1,0,12,-0.009360786174968272,R2
13,LASSO,0.1,0,13,-0.009360786174968272,R2
14,LASSO,0.1,0,14,-0.009360786174968272,R2
15,LASSO,0.1,0,15,-0.009360786174968272,R2
16,LASSO,0.1,0,16,-0.009360786174968272,R2
17,LASSO,0.1,0,17,-0.009360786174968272,R2
18,LASSO,0.1,0,18,-0.009360786174968272,R2
19,LASSO,0.1,0,19,-0.009360786174968272,R2
20,LASSO,0.1,0,20,-0.009360786174968272,R2
0,LASSO,0.1,0,0,,MSE_train
1,LASSO,0.1,0,1,,MSE_train
2,LASSO,0.1,0,2,,MSE_train
3,LASSO,0.1,0,3,,MSE_train
4,LASSO,0.1,0,4,,MSE_train
5,LASSO,0.1,0,5,,MSE_train
6,LASSO,0.1,0,6,,MSE_train
7,LASSO,0.1,0,7,,MSE_train
8,LASSO,0.1,0,8,,MSE_train
9,LASSO,0.1,0,9,,MSE_train
10,LASSO,0.1,0,10,,MSE_train
11,LASSO,0.1,0,11,,MSE_train
12,LASSO,0.1,0,12,,MSE_train
13,LASSO,0.1,0,13,,MSE_train
14,LASSO,0.1,0,14,,MSE_train
15,LASSO,0.1,0,15,,MSE_train
16,LASSO,0.1,0,16,,MSE_train
17,LASSO,0.1,0,17,,MSE_train
18,LASSO,0.1,0,18,,MSE_train
19,LASSO,0.1,0,19,,MSE_train
20,LASSO,0.1,0,20,,MSE_train
0,OLS,0,5,0,1.069870446465663,MSE
1,OLS,0,5,1,1.0090640887262203,MSE
2,OLS,0,5,2,1.0281398141526663,MSE
3,OLS,0,5,3,1.042215732540398,MSE
4,OLS,0,5,4,1.0480086288323565,MSE
5,OLS,0,5,5,1.068841133639489,MSE
6,OLS,0,5,6,1.0864760774814273,MSE
7,OLS,0,5,7,1.1072884519710922,MSE
8,OLS,0,5,8,1.1231886276961238,MSE
9,OLS,0,5,9,1.1462036568561265,MSE
10,OLS,0,5,10,1.2379416328763064,MSE
11,OLS,0,5,11,1.2387600409984434,MSE
12,OLS,0,5,12,1.3312459882185488,MSE
13,OLS,0,5,13,1.3909183830425955,MSE
14,OLS,0,5,14,1.6570015212793632,MSE
15,OLS,0,5,15,3.4616272479875825,MSE
16,OLS,0,5,16,3.59582907542902,MSE
17,OLS,0,5,17,4.569744994677725,MSE
18,OLS,0,5,18,3.4333243624273213,MSE
19,OLS,0,5,19,3.034289734489809,MSE
20,OLS,0,5,20,4.528640028324566,MSE
0,OLS,0,5,0,0.0016809567915565867,Bias
1,OLS,0,5,1,-0.1341991354314307,Bias
2,OLS,0,5,2,-0.1214205685826198,Bias
3,OLS,0,5,3,-0.12621581195402592,Bias
4,OLS,0,5,4,-0.13037330810284237,Bias
5,OLS,0,5,5,-0.12728713199228503,Bias
6,OLS,0,5,6,-0.12338847763689659,Bias
7,OLS,0,5,7,-0.10948712742418758,Bias
8,OLS,0,5,8,-0.12602167663638048,Bias
9,OLS,0,5,9,-0.14471928879492915,Bias
10,OLS,0,5,10,-0.12643253730551085,Bias
11,OLS,0,5,11,-0.12230491298212998,Bias
12,OLS,0,5,12,-0.13002388309356894,Bias
13,OLS,0,5,13,-0.13645478410967146,Bias
14,OLS,0,5,14,-0.14731978765156176,Bias
15,OLS,0,5,15,-0.13309251229785582,Bias
16,OLS,0,5,16,-0.1796984887313295,Bias
17,OLS,0,5,17,-0.19282885407006164,Bias
18,OLS,0,5,18,-0.21021289278129993,Bias
19,OLS,0,5,19,-0.18094888394076436,Bias
20,OLS,0,5,20,-0.19032900642087955,Bias
0,OLS,0,5,0,6.162975822039155e-33,Variance
1,OLS,0,5,1,0.07507373448354482,Variance
2,OLS,0,5,2,0.0813708930611799,Variance
3,OLS,0,5,3,0.10024205482031763,Variance
4,OLS,0,5,4,0.11019244726109254,Variance
5,OLS,0,5,5,0.12793877595766778,Variance
6,OLS,0,5,6,0.14167506544421746,Variance
7,OLS,0,5,7,0.14858608972117343,Variance
8,OLS,0,5,8,0.18102081465839812,Variance
9,OLS,0,5,9,0.22273345597694927,Variance
10,OLS,0,5,10,0.2961846805077109,Variance
11,OLS,0,5,11,0.2928754643064672,Variance
12,OLS,0,5,12,0.3930803816380113,Variance
13,OLS,0,5,13,0.4591836774781606,Variance
14,OLS,0,5,14,0.7361318192568186,Variance
15,OLS,0,5,15,2.5265302706113317,Variance
16,OLS,0,5,16,2.7073380744862434,Variance
17,OLS,0,5,17,3.6943843590736805,Variance
18,OLS,0,5,18,2.5753477655345147,Variance
19,OLS,0,5,19,2.1470491287564673,Variance
20,OLS,0,5,20,3.650779545071339,Variance
0,OLS,0,5,0,-0.0038684610964564436,R2
1,OLS,0,5,1,0.05621967631791417,R2
2,OLS,0,5,2,0.038444205942665496,R2
3,OLS,0,5,3,0.024876996000206035,R2
4,OLS,0,5,4,0.01963747514744457,R2
5,OLS,0,5,5,-0.0019007178213670643,R2
6,OLS,0,5,6,-0.0173023796292347,R2
7,OLS,0,5,7,-0.03648486466756956,R2
8,OLS,0,5,8,-0.0522125801806891,R2
9,OLS,0,5,9,-0.07271934246391439,R2
10,OLS,0,5,10,-0.1565869578410553,R2
11,OLS,0,5,11,-0.15764073179297017,R2
12,OLS,0,5,12,-0.2432337460017625,R2
13,OLS,0,5,13,-0.29850958569871044,R2
14,OLS,0,5,14,-0.53713041796917,R2
15,OLS,0,5,15,-2.1457876513490923,R2
16,OLS,0,5,16,-2.2680247730149765,R2
17,OLS,0,5,17,-3.1391116237924233,R2
18,OLS,0,5,18,-2.1368795899174846,R2
19,OLS,0,5,19,-1.7847087033327176,R2
20,OLS,0,5,20,-3.1241366283680994,R2
0,OLS,0,5,0,1.0681894896741062,MSE_train
1,OLS,0,5,1,0.9912092466499164,MSE_train
2,OLS,0,5,2,0.9851016315610053,MSE_train
3,OLS,0,5,3,0.9694814152459157,MSE_train
4,OLS,0,5,4,0.9589268525803336,MSE_train
5,OLS,0,5,5,0.9454711245970229,MSE_train
6,OLS,0,5,6,0.9312897416415764,MSE_train
7,OLS,0,5,7,0.9248388478507363,MSE_train
8,OLS,0,5,8,0.9027741140971389,MSE_train
9,OLS,0,5,9,0.8711989781521173,MSE_train
10,OLS,0,5,10,0.8687619461114617,MSE_train
11,OLS,0,5,11,0.8601286609746674,MSE_train
12,OLS,0,5,12,0.8468116258879632,MSE_train
13,OLS,0,5,13,0.8397427381350524,MSE_train
14,OLS,0,5,14,0.8372471722536106,MSE_train
15,OLS,0,5,15,0.8326946945096989,MSE_train
16,OLS,0,5,16,0.8252367056266575,MSE_train
17,OLS,0,5,17,0.8238585468435956,MSE_train
18,OLS,0,5,18,0.8155191795850341,MSE_train
19,OLS,0,5,19,0.8123639305576236,MSE_train
20,OLS,0,5,20,0.807017210757959,MSE_train
0,RIDGE,1e-05,5,0,1.069870446434852,MSE
1,RIDGE,1e-05,5,1,1.0090640826419675,MSE
2,RIDGE,1e-05,5,2,1.0281396123815427,MSE
3,RIDGE,1e-05,5,3,1.0422073637231495,MSE
4,RIDGE,1e-05,5,4,1.047880809202288,MSE
5,RIDGE,1e-05,5,5,1.0645080382190788,MSE
6,RIDGE,1e-05,5,6,1.0709884215842993,MSE
7,RIDGE,1e-05,5,7,1.0771705860186307,MSE
8,RIDGE,1e-05,5,8,1.0835306797209443,MSE
9,RIDGE,1e-05,5,9,1.0878434426000239,MSE
10,RIDGE,1e-05,5,10,1.089695302395881,MSE
11,RIDGE,1e-05,5,11,1.0908552594259002,MSE
12,RIDGE,1e-05,5,12,1.0930474221248023,MSE
13,RIDGE,1e-05,5,13,1.0969017856202172,MSE
14,RIDGE,1e-05,5,14,1.102216626188001,MSE
15,RIDGE,1e-05,5,15,1.1084784477534333,MSE
16,RIDGE,1e-05,5,16,1.1151876177275517,MSE
17,RIDGE,1e-05,5,17,1.1220756107903973,MSE
18,RIDGE,1e-05,5,18,1.1292421794989944,MSE
19,RIDGE,1e-05,5,19,1.1371918776172196,MSE
20,RIDGE,1e-05,5,20,1.146797769513381,MSE
0,RIDGE,1e-05,5,0,0.001680956760745752,Bias
1,RIDGE,1e-05,5,1,-0.13419906265202156,Bias
2,RIDGE,1e-05,5,2,-0.12142045549726467,Bias
3,RIDGE,1e-05,5,3,-0.12621501432321777,Bias
4,RIDGE,1e-05,5,4,-0.13037249590723374,Bias
5,RIDGE,1e-05,5,5,-0.12827554236308206,Bias
6,RIDGE,1e-05,5,6,-0.12964202481452716,Bias
7,RIDGE,1e-05,5,7,-0.12720044032304098,Bias
8,RIDGE,1e-05,5,8,-0.12289839367862965,Bias
9,RIDGE,1e-05,5,9,-0.12005845221270035,Bias
10,RIDGE,1e-05,5,10,-0.11974446810311028,Bias
11,RIDGE,1e-05,5,11,-0.1208260415314932,Bias
12,RIDGE,1e-05,5,12,-0.12194969037031736,Bias
13,RIDGE,1e-05,5,13,-0.12258699415320312,Bias
14,RIDGE,1e-05,5,14,-0.12287112303493558,Bias
15,RIDGE,1e-05,5,15,-0.12316119443456558,Bias
16,RIDGE,1e-05,5,16,-0.123788492208049,Bias
17,RIDGE,1e-05,5,17,-0.12495724535868369,Bias
18,RIDGE,1e-05,5,18,-0.12672396498877636,Bias
19,RIDGE,1e-05,5,19,-0.12902038614278355,Bias
20,RIDGE,1e-05,5,20,-0.13170002096401512,Bias
0,RIDGE,1e-05,5,0,1.078520768856852e-32,Variance
1,RIDGE,1e-05,5,1,0.07507365561988262,Variance
2,RIDGE,1e-05,5,2,0.08137057820470098,Variance
3,RIDGE,1e-05,5,3,0.10023288837226095,Variance
4,RIDGE,1e-05,5,4,0.11006381543541555,Variance
5,RIDGE,1e-05,5,5,0.12459409090805458,Variance
6,RIDGE,1e-05,5,6,0.13244095672472014,Variance
7,RIDGE,1e-05,5,7,0.1361815366675654,Variance
8,RIDGE,1e-05,5,8,0.13823958372546774,Variance
9,RIDGE,1e-05,5,9,0.13971240513861785,Variance
10,RIDGE,1e-05,5,10,0.14125028082488533,Variance
11,RIDGE,1e-05,5,11,0.14349181128328728,Variance
12,RIDGE,1e-05,5,12,0.14680762282101334,Variance
13,RIDGE,1e-05,5,13,0.15129929009931403,Variance
14,RIDGE,1e-05,5,14,0.1568982595488303,Variance
15,RIDGE,1e-05,5,15,0.1634501525138926,Variance
16,RIDGE,1e-05,5,16,0.17078662026149424,Variance
17,RIDGE,1e-05,5,17,0.1788433664749747,Variance
18,RIDGE,1e-05,5,18,0.1877766548136646,Variance
19,RIDGE,1e-05,5,19,0.198022774085897,Variance
20,RIDGE,1e-05,5,20,0.21030830080328988,Variance
0,RIDGE,1e-05,5,0,-0.0038684610693017945,R2
1,RIDGE,1e-05,5,1,0.05621968056670566,R2
2,RIDGE,1e-05,5,2,0.03844439451847142,R2
3,RIDGE,1e-05,5,3,0.024884947041756242,R2
4,RIDGE,1e-05,5,4,0.019752240766497085,R2
5,RIDGE,1e-05,5,5,0.0025605187847316108,R2
6,RIDGE,1e-05,5,6,-0.003113410971016063,R2
7,RIDGE,1e-05,5,7,-0.008626923944582159,R2
8,RIDGE,1e-05,5,8,-0.014400963117660152,R2
9,RIDGE,1e-05,5,9,-0.01831463543618407,R2
10,RIDGE,1e-05,5,10,-0.01991273766274785,R2
11,RIDGE,1e-05,5,11,-0.020863980666405713,R2
12,RIDGE,1e-05,5,12,-0.022828333888840483,R2
13,RIDGE,1e-05,5,13,-0.026406229894319958,R2
14,RIDGE,1e-05,5,14,-0.031383553560154064,R2
15,RIDGE,1e-05,5,15,-0.037245264558111515,R2
16,RIDGE,1e-05,5,16,-0.04349809252118327,R2
17,RIDGE,1e-05,5,17,-0.04987450266644211,R2
18,RIDGE,1e-05,5,18,-0.05645418180088792,R2
19,RIDGE,1e-05,5,19,-0.06369331557520021,R2
20,RIDGE,1e-05,5,20,-0.07238963703468373,R2
0,RIDGE,1e-05,5,0,1.0681894896741064,MSE_train
1,RIDGE,1e-05,5,1,0.9912092466499381,MSE_train
2,RIDGE,1e-05,5,2,0.9851016315625905,MSE_train
3,RIDGE,1e-05,5,3,0.9694814164219727,MSE_train
4,RIDGE,1e-05,5,4,0.9589274342385814,MSE_train
5,RIDGE,1e-05,5,5,0.945653217101698,MSE_train
6,RIDGE,1e-05,5,6,0.9364901810110704,MSE_train
7,RIDGE,1e-05,5,7,0.9328841922806911,MSE_train
8,RIDGE,1e-05,5,8,0.9310657674845509,MSE_train
9,RIDGE,1e-05,5,9,0.929217487170886,MSE_train
10,RIDGE,1e-05,5,10,0.9263809417927731,MSE_train
11,RIDGE,1e-05,5,11,0.9229119185299479,MSE_train
12,RIDGE,1e-05,5,12,0.9193274497661154,MSE_train
13,RIDGE,1e-05,5,13,0.9159045021789346,MSE_train
14,RIDGE,1e-05,5,14,0.9127110462665127,MSE_train
15,RIDGE,1e-05,5,15,0.9097275154829862,MSE_train
16,RIDGE,1e-05,5,16,0.906916670570061,MSE_train
17,RIDGE,1e-05,5,17,0.9042582645718773,MSE_train
18,RIDGE,1e-05,5,18,0.9017550551179448,MSE_train
19,RIDGE,1e-05,5,19,0.8994185250010646,MSE_train
20,RIDGE,1e-05,5,20,0.8972543064267535,MSE_train
0,LASSO,1e-05,5,0,1.0698704481026224,MSE
1,LASSO,1e-05,5,1,1.0090638322559915,MSE
2,LASSO,1e-05,5,2,1.028097082746365,MSE
3,LASSO,1e-05,5,3,1.04128892240804,MSE
4,LASSO,1e-05,5,4,1.0451084309570635,MSE
5,LASSO,1e-05,5,5,1.0561772787530808,MSE
6,LASSO,1e-05,5,6,1.0617893878642433,MSE
7,LASSO,1e-05,5,7,1.0651486148172002,MSE
8,LASSO,1e-05,5,8,1.0667005233767,MSE
9,LASSO,1e-05,5,9,1.0664334466015128,MSE
10,LASSO,1e-05,5,10,1.068228132059998,MSE
11,LASSO,1e-05,5,11,1.0700535236046598,MSE
12,LASSO,1e-05,5,12,1.0710394622564927,MSE
13,LASSO,1e-05,5,13,1.070448714548915,MSE
14,LASSO,1e-05,5,14,1.0707302609177018,MSE
15,LASSO,1e-05,5,15,1.0721657500781039,MSE
16,LASSO,1e-05,5,16,1.0725228357528611,MSE
17,LASSO,1e-05,5,17,1.0732813926601121,MSE
18,LASSO,1e-05,5,18,1.0747195331833204,MSE
19,LASSO,1e-05,5,19,1.0775786862643786,MSE
20,LASSO,1e-05,5,20,1.0803802994664946,MSE
0,LASSO,1e-05,5,0,0.0016809584285161442,Bias
1,LASSO,1e-05,5,1,-0.13415923299429733,Bias
2,LASSO,1e-05,5,2,-0.12135415575450273,Bias
3,LASSO,1e-05,5,3,-0.12645637464634554,Bias
4,LASSO,1e-05,5,4,-0.13070164692381442,Bias
5,LASSO,1e-05,5,5,-0.1271084168631106,Bias
6,LASSO,1e-05,5,6,-0.1277337210775326,Bias
7,LASSO,1e-05,5,7,-0.12876627831049187,Bias
8,LASSO,1e-05,5,8,-0.1300010495652255,Bias
9,LASSO,1e-05,5,9,-0.13098450410948193,Bias
10,LASSO,1e-05,5,10,-0.13023544632248496,Bias
11,LASSO,1e-05,5,11,-0.12931854724075442,Bias
12,LASSO,1e-05,5,12,-0.12881321102431464,Bias
13,LASSO,1e-05,5,13,-0.12993916312109993,Bias
14,LASSO,1e-05,5,14,-0.13033712103017892,Bias
15,LASSO,1e-05,5,15,-0.13093159165006862,Bias
16,LASSO,1e-05,5,16,-0.13291920760315548,Bias
17,LASSO,1e-05,5,17,-0.13384263809764066,Bias
18,LASSO,1e-05,5,18,-0.1348798269959791,Bias
19,LASSO,1e-05,5,19,-0.13576582260200637,Bias
20,LASSO,1e-05,5,20,-0.13725513248708968,Bias
0,LASSO,1e-05,5,0,1.1298789007071782e-32,Variance
1,LASSO,1e-05,5,1,0.07503357557618255,Variance
2,LASSO,1e-05,5,2,0.08126174882676135,Variance
3,LASSO,1e-05,5,3,0.09955580738027925,Variance
4,LASSO,1e-05,5,4,0.10762058820677167,Variance
5,LASSO,1e-05,5,5,0.11509620594208507,Variance
6,LASSO,1e-05,5,6,0.12133361926766963,Variance
7,LASSO,1e-05,5,7,0.1257254034535859,Variance
8,LASSO,1e-05,5,8,0.1285120832678191,Variance
9,LASSO,1e-05,5,9,0.12922846103688854,Variance
10,LASSO,1e-05,5,10,0.13027408870837687,Variance
11,LASSO,1e-05,5,11,0.1311825811713081,Variance
12,LASSO,1e-05,5,12,0.13166318360670104,Variance
13,LASSO,1e-05,5,13,0.1321983879959085,Variance
14,LASSO,1e-05,5,14,0.1328778922737745,Variance
15,LASSO,1e-05,5,15,0.13490785205406625,Variance
16,LASSO,1e-05,5,16,0.13725255368191025,Variance
17,LASSO,1e-05,5,17,0.13893454108364642,Variance
18,LASSO,1e-05,5,18,0.14140987050519319,Variance
19,LASSO,1e-05,5,19,0.14515501919227863,Variance
20,LASSO,1e-05,5,20,0.14944594227947794,Variance
0,LASSO,1e-05,5,0,-0.0038684653559154514,R2
1,LASSO,1e-05,5,1,0.0562192314212936,R2
2,LASSO,1e-05,5,2,0.03848222987736772,R2
3,LASSO,1e-05,5,3,0.025731193714152147,R2
4,LASSO,1e-05,5,4,0.022302687080212026,R2
5,LASSO,1e-05,5,5,0.011341811193672386,R2
6,LASSO,1e-05,5,6,0.005699128208766708,R2
7,LASSO,1e-05,5,7,0.002572171232074854,R2
8,LASSO,1e-05,5,8,0.0011989962178514339,R2
9,LASSO,1e-05,5,9,0.0015817881242805951,R2
10,LASSO,1e-05,5,10,3.897878547320585e-05,R2
11,LASSO,1e-05,5,11,-0.0016002523978011687,R2
12,LASSO,1e-05,5,12,-0.002447695302950305,R2
13,LASSO,1e-05,5,13,-0.0018865723481258766,R2
14,LASSO,1e-05,5,14,-0.0021413638536554157,R2
15,LASSO,1e-05,5,15,-0.003436747760489996,R2
16,LASSO,1e-05,5,16,-0.0037354347189364912,R2
17,LASSO,1e-05,5,17,-0.004387511623835666,R2
18,LASSO,1e-05,5,18,-0.005695868402983613,R2
19,LASSO,1e-05,5,19,-0.008248345944989332,R2
20,LASSO,1e-05,5,20,-0.010759708552411913,R2
0,LASSO,1e-05,5,0,1.0681894897741062,MSE_train
1,LASSO,1e-05,5,1,0.9912092523216128,MSE_train
2,LASSO,1e-05,5,2,0.9851018875445507,MSE_train
3,LASSO,1e-05,5,3,0.9694895654955423,MSE_train
4,LASSO,1e-05,5,4,0.9591826780262547,MSE_train
5,LASSO,1e-05,5,5,0.9496994306855475,MSE_train
6,LASSO,1e-05,5,6,0.9420638136823809,MSE_train
7,LASSO,1e-05,5,7,0.9381982786025183,MSE_train
8,LASSO,1e-05,5,8,0.9363550158794394,MSE_train
9,LASSO,1e-05,5,9,0.9352426752940104,MSE_train
10,LASSO,1e-05,5,10,0.9345045801880545,MSE_train
11,LASSO,1e-05,5,11,0.9334147145309536,MSE_train
12,LASSO,1e-05,5,12,0.9316199525642728,MSE_train
13,LASSO,1e-05,5,13,0.9291684072133765,MSE_train
14,LASSO,1e-05,5,14,0.9267546155329479,MSE_train
15,LASSO,1e-05,5,15,0.9246346547303774,MSE_train
16,LASSO,1e-05,5,16,0.9225260643595234,MSE_train
17,LASSO,1e-05,5,17,0.9209365419267262,MSE_train
18,LASSO,1e-05,5,18,0.9196515627176342,MSE_train
19,LASSO,1e-05,5,19,0.9184675398347839,MSE_train
20,LASSO,1e-05,5,20,0.9174690133897577,MSE_train
0,RIDGE,0.001,5,0,1.0698704433856463,MSE
1,RIDGE,0.001,5,1,1.009063480541894,MSE
2,RIDGE,0.001,5,2,1.0281196715576095,MSE
3,RIDGE,0.001,5,3,1.0414162584303204,MSE
4,RIDGE,0.001,5,4,1.0424022047711143,MSE
5,RIDGE,0.001,5,5,1.0489010238687608,MSE
6,RIDGE,0.001,5,6,1.0509907074457778,MSE
7,RIDGE,0.001,5,7,1.0524565889518753,MSE
8,RIDGE,0.001,5,8,1.0546277183517851,MSE
9,RIDGE,0.001,5,9,1.0571709794862734,MSE
10,RIDGE,0.001,5,10,1.0594895883280497,MSE
11,RIDGE,0.001,5,11,1.0611430308315097,MSE
12,RIDGE,0.001,5,12,1.062054620714271,MSE
13,RIDGE,0.001,5,13,1.0624257474762069,MSE
14,RIDGE,0.001,5,14,1.0625813232451518,MSE
15,RIDGE,0.001,5,15,1.0628450233629851,MSE
16,RIDGE,0.001,5,16,1.0634631595422914,MSE
17,RIDGE,0.001,5,17,1.06458036106566,MSE
18,RIDGE,0.001,5,18,1.0662555070762187,MSE
19,RIDGE,0.001,5,19,1.0684958499242239,MSE
20,RIDGE,0.001,5,20,1.0712894215384048,MSE
0,RIDGE,0.001,5,0,0.0016809537115399353,Bias
1,RIDGE,0.001,5,1,-0.13419185780569987,Bias
2,RIDGE,0.001,5,2,-0.12140927305971985,Bias
3,RIDGE,0.001,5,3,-0.12613727424616591,Bias
4,RIDGE,0.001,5,4,-0.1301737228618284,Bias
5,RIDGE,0.001,5,5,-0.1272126792123576,Bias
6,RIDGE,0.001,5,6,-0.1285146629779037,Bias
7,RIDGE,0.001,5,7,-0.1312536797488067,Bias
8,RIDGE,0.001,5,8,-0.13297872796758356,Bias
9,RIDGE,0.001,5,9,-0.1335404155710495,Bias
10,RIDGE,0.001,5,10,-0.13338417994991267,Bias
11,RIDGE,0.001,5,11,-0.13307802957784595,Bias
12,RIDGE,0.001,5,12,-0.13303797492839328,Bias
13,RIDGE,0.001,5,13,-0.13344253667388856,Bias
14,RIDGE,0.001,5,14,-0.13427845711152406,Bias
15,RIDGE,0.001,5,15,-0.1354204761556542,Bias
16,RIDGE,0.001,5,16,-0.1367043347412378,Bias
17,RIDGE,0.001,5,17,-0.1379799139168973,Bias
18,RIDGE,0.001,5,18,-0.13913984246489045,Bias
19,RIDGE,0.001,5,19,-0.14012608514418512,Bias
20,RIDGE,0.001,5,20,-0.14092257802706218,Bias
0,RIDGE,0.001,5,0,8.217301096052206e-33,Variance
1,RIDGE,0.001,5,1,0.07506584867348769,Variance
2,RIDGE,0.001,5,2,0.08133945494322294,Variance
3,RIDGE,0.001,5,3,0.09936404300237997,Variance
4,RIDGE,0.001,5,4,0.10438643795883648,Variance
5,RIDGE,0.001,5,5,0.10792421340701214,Variance
6,RIDGE,0.001,5,6,0.1113158807495751,Variance
7,RIDGE,0.001,5,7,0.11552077902657575,Variance
8,RIDGE,0.001,5,8,0.11941695664526238,Variance
9,RIDGE,0.001,5,9,0.12252190538321667,Variance
10,RIDGE,0.001,5,10,0.12468427860385609,Variance
11,RIDGE,0.001,5,11,0.1260315707352496,Variance
12,RIDGE,0.001,5,12,0.126903105968558,Variance
13,RIDGE,0.001,5,13,0.12767879447598895,Variance
14,RIDGE,0.001,5,14,0.12867029068256963,Variance
15,RIDGE,0.001,5,15,0.1300760098445331,Variance
16,RIDGE,0.001,5,16,0.131978004609423,Variance
17,RIDGE,0.001,5,17,0.134370785308451,Variance
18,RIDGE,0.001,5,18,0.13720585986700282,Variance
19,RIDGE,0.001,5,19,0.14043244539430272,Variance
20,RIDGE,0.001,5,20,0.14402250989136073,Variance
0,RIDGE,0.001,5,0,-0.0038684583819955285,R2
1,RIDGE,0.001,5,1,0.05622010097610311,R2
2,RIDGE,0.001,5,2,0.03846303085454843,R2
3,RIDGE,0.001,5,3,0.025636654470139228,R2
4,RIDGE,0.001,5,4,0.024697867579695738,R2
5,RIDGE,0.001,5,5,0.01862810576829975,R2
6,RIDGE,0.001,5,6,0.016468960544528698,R2
7,RIDGE,0.001,5,7,0.014856974349786134,R2
8,RIDGE,0.001,5,8,0.012726763460656874,R2
9,RIDGE,0.001,5,9,0.010380534163631586,R2
10,RIDGE,0.001,5,10,0.008297617098465193,R2
11,RIDGE,0.001,5,11,0.006836061219115692,R2
12,RIDGE,0.001,5,12,0.006047808558651373,R2
13,RIDGE,0.001,5,13,0.005743386462702322,R2
14,RIDGE,0.001,5,14,0.005625391137744925,R2
15,RIDGE,0.001,5,15,0.005399361196089912,R2
16,RIDGE,0.001,5,16,0.004842073406695863,R2
17,RIDGE,0.001,5,17,0.003823375751349438,R2
18,RIDGE,0.001,5,18,0.0022916498515423,R2
19,RIDGE,0.001,5,19,0.00024268882582330863,R2
20,RIDGE,0.001,5,20,-0.002309994427182679,R2
0,RIDGE,0.001,5,0,1.068189489675175,MSE_train
1,RIDGE,0.001,5,1,0.9912092468674584,MSE_train
2,RIDGE,0.001,5,2,0.9851016473764613,MSE_train
3,RIDGE,0.001,5,3,0.9694924662096744,MSE_train
4,RIDGE,0.001,5,4,0.9603882761055677,MSE_train
5,RIDGE,0.001,5,5,0.9563991243321711,MSE_train
6,RIDGE,0.001,5,6,0.9502322955814286,MSE_train
7,RIDGE,0.001,5,7,0.9446110697728759,MSE_train
8,RIDGE,0.001,5,8,0.9406500967027096,MSE_train
9,RIDGE,0.001,5,9,0.938333149144047,MSE_train
10,RIDGE,0.001,5,10,0.9369774234929833,MSE_train
11,RIDGE,0.001,5,11,0.9358469688524491,MSE_train
12,RIDGE,0.001,5,12,0.934514482348182,MSE_train
13,RIDGE,0.001,5,13,0.9328458714342693,MSE_train
14,RIDGE,0.001,5,14,0.9308916413224301,MSE_train
15,RIDGE,0.001,5,15,0.9287909905226411,MSE_train
16,RIDGE,0.001,5,16,0.9266978316036791,MSE_train
17,RIDGE,0.001,5,17,0.9247329877200625,MSE_train
18,RIDGE,0.001,5,18,0.9229655287317431,MSE_train
19,RIDGE,0.001,5,19,0.9214167002489758,MSE_train
20,RIDGE,0.001,5,20,0.9200745295375945,MSE_train
0,LASSO,0.001,5,0,1.0698716001616173,MSE
1,LASSO,0.001,5,1,1.0090972050329834,MSE
2,LASSO,0.001,5,2,1.0216663870586242,MSE
3,LASSO,0.001,5,3,1.0242241866729176,MSE
4,LASSO,0.001,5,4,1.0214120040164847,MSE
5,LASSO,0.001,5,5,1.0241331956593578,MSE
6,LASSO,0.001,5,6,1.0256148401974134,MSE
7,LASSO,0.001,5,7,1.0257886458656285,MSE
8,LASSO,0.001,5,8,1.027766123402142,MSE
9,LASSO,0.001,5,9,1.0291173058486967,MSE
10,LASSO,0.001,5,10,1.0305580660175946,MSE
11,LASSO,0.001,5,11,1.031594950295831,MSE
12,LASSO,0.001,5,12,1.0321418557719153,MSE
13,LASSO,0.001,5,13,1.0329512427196146,MSE
14,LASSO,0.001,5,14,1.0335718268602072,MSE
15,LASSO,0.001,5,15,1.033717030377602,MSE
16,LASSO,0.001,5,16,1.0335941753538624,MSE
17,LASSO,0.001,5,17,1.033302380553231,MSE
18,LASSO,0.001,5,18,1.0327091434291649,MSE
19,LASSO,0.001,5,19,1.032399584821337,MSE
20,LASSO,0.001,5,20,1.0321057036547985,MSE
0,LASSO,0.001,5,0,0.001682110487511046,Bias
1,LASSO,0.001,5,1,-0.13020594522900755,Bias
2,LASSO,0.001,5,2,-0.11924685112473069,Bias
3,LASSO,0.001,5,3,-0.11910843173222875,Bias
4,LASSO,0.001,5,4,-0.12604678635079178,Bias
5,LASSO,0.001,5,5,-0.126105470489636,Bias
6,LASSO,0.001,5,6,-0.126435306540193,Bias
7,LASSO,0.001,5,7,-0.12746051706414124,Bias
8,LASSO,0.001,5,8,-0.1265813720874279,Bias
9,LASSO,0.001,5,9,-0.12574711425286955,Bias
10,LASSO,0.001,5,10,-0.12517663724275419,Bias
11,LASSO,0.001,5,11,-0.12450554615588029,Bias
12,LASSO,0.001,5,12,-0.12422270221021228,Bias
13,LASSO,0.001,5,13,-0.12360874820196012,Bias
14,LASSO,0.001,5,14,-0.12288545677803295,Bias
15,LASSO,0.001,5,15,-0.12271025930674272,Bias
16,LASSO,0.001,5,16,-0.12288202554522881,Bias
17,LASSO,0.001,5,17,-0.12314282182457507,Bias
18,LASSO,0.001,5,18,-0.12355930289734335,Bias
19,LASSO,0.001,5,19,-0.1239014464326914,Bias
20,LASSO,0.001,5,20,-0.1242073820796994,Bias
0,LASSO,0.001,5,0,5.649394503535891e-33,Variance
1,LASSO,0.001,5,1,0.07111366058788475,Variance
2,LASSO,0.001,5,2,0.07272374850924859,Variance
3,LASSO,0.001,5,3,0.07514312873104,Variance
4,LASSO,0.001,5,4,0.07926930069317015,Variance
5,LASSO,0.001,5,5,0.08204917647488766,Variance
6,LASSO,0.001,5,6,0.08386065706350017,Variance
7,LASSO,0.001,5,7,0.08505967325566341,Variance
8,LASSO,0.001,5,8,0.08615800581546354,Variance
9,LASSO,0.001,5,9,0.08667493042745993,Variance
10,LASSO,0.001,5,10,0.08754521358624233,Variance
11,LASSO,0.001,5,11,0.08791100677760501,Variance
12,LASSO,0.001,5,12,0.08817506830802123,Variance
13,LASSO,0.001,5,13,0.08837050124746844,Variance
14,LASSO,0.001,5,14,0.08826779396413409,Variance
15,LASSO,0.001,5,15,0.0882378000102384,Variance
16,LASSO,0.001,5,16,0.08828671122498488,Variance
17,LASSO,0.001,5,17,0.08825571270369977,Variance
18,LASSO,0.001,5,18,0.08807895665240185,Variance
19,LASSO,0.001,5,19,0.08811154157992197,Variance
20,LASSO,0.001,5,20,0.0881235960603914,Variance
0,LASSO,0.001,5,0,-0.0038698201951582836,R2
1,LASSO,0.001,5,1,0.056119406223721524,R2
2,LASSO,0.001,5,2,0.04443061501823177,R2
3,LASSO,0.001,5,3,0.04210069148463073,R2
4,LASSO,0.001,5,4,0.044808581580250605,R2
5,LASSO,0.001,5,5,0.04213549844787485,R2
6,LASSO,0.001,5,6,0.04064666394155785,R2
7,LASSO,0.001,5,7,0.040375484131552154,R2
8,LASSO,0.001,5,8,0.0384708200207415,R2
9,LASSO,0.001,5,9,0.03715483697321751,R2
10,LASSO,0.001,5,10,0.035754453875815634,R2
11,LASSO,0.001,5,11,0.03475483170371959,R2
12,LASSO,0.001,5,12,0.03423212057952429,R2
13,LASSO,0.001,5,13,0.03342388916409852,R2
14,LASSO,0.001,5,14,0.03280188557774587,R2
15,LASSO,0.001,5,15,0.03264637714542164,R2
16,LASSO,0.001,5,16,0.03272930479233064,R2
17,LASSO,0.001,5,17,0.032985113446478136,R2
18,LASSO,0.001,5,18,0.033521970052067064,R2
19,LASSO,0.001,5,19,0.03381011420990462,R2
20,LASSO,0.001,5,20,0.03408959283473517,R2
0,LASSO,0.001,5,0,1.0681904896741063,MSE_train
1,LASSO,0.001,5,1,0.9912659499716494,MSE_train
2,LASSO,0.001,5,2,0.986779015796316,MSE_train
3,LASSO,0.001,5,3,0.9832310161403485,MSE_train
4,LASSO,0.001,5,4,0.9761678578617641,MSE_train
5,LASSO,0.001,5,5,0.9740652314489575,MSE_train
6,LASSO,0.001,5,6,0.9731563967270789,MSE_train
7,LASSO,0.001,5,7,0.9726633677159681,MSE_train
8,LASSO,0.001,5,8,0.9720399836052662,MSE_train
9,LASSO,0.001,5,9,0.9715287470612844,MSE_train
10,LASSO,0.001,5,10,0.9710791929818108,MSE_train
11,LASSO,0.001,5,11,0.970646486528342,MSE_train
12,LASSO,0.001,5,12,0.9703377615615573,MSE_train
13,LASSO,0.001,5,13,0.9699477527726768,MSE_train
14,LASSO,0.001,5,14,0.9696281643232776,MSE_train
15,LASSO,0.001,5,15,0.9693256996903539,MSE_train
16,LASSO,0.001,5,16,0.9689968827533897,MSE_train
17,LASSO,0.001,5,17,0.9687065169783032,MSE_train
18,LASSO,0.001,5,18,0.9683258205298259,MSE_train
19,LASSO,0.001,5,19,0.9680060205290404,MSE_train
20,LASSO,0.001,5,20,0.9676993429457462,MSE_train
0,RIDGE,0.1,5,0,1.0698701491116813,MSE
1,RIDGE,0.1,5,1,1.0090056599149648,MSE
2,RIDGE,0.1,5,2,1.0264222905664677,MSE
3,RIDGE,0.1,5,3,1.028268032481297,MSE
4,RIDGE,0.1,5,4,1.032231622652064,MSE
5,RIDGE,0.1,5,5,1.0356907876660406,MSE
6,RIDGE,0.1,5,6,1.038174335442542,MSE
7,RIDGE,0.1,5,7,1.0401876679375772,MSE
8,RIDGE,0.1,5,8,1.041835628660601,MSE
9,RIDGE,0.1,5,9,1.0431121208085923,MSE
10,RIDGE,0.1,5,10,1.0440701661069813,MSE
11,RIDGE,0.1,5,11,1.0447992362059075,MSE
12,RIDGE,0.1,5,12,1.0453818815499827,MSE
13,RIDGE,0.1,5,13,1.0458743944464766,MSE
14,RIDGE,0.1,5,14,1.0463075101584087,MSE
15,RIDGE,0.1,5,15,1.0466955427012388,MSE
16,RIDGE,0.1,5,16,1.047045697216118,MSE
17,RIDGE,0.1,5,17,1.047364184597904,MSE
18,RIDGE,0.1,5,18,1.0476589206021558,MSE
19,RIDGE,0.1,5,19,1.0479398406843066,MSE
20,RIDGE,0.1,5,20,1.048218009171291,MSE
0,RIDGE,0.1,5,0,0.0016806594375749634,Bias
1,RIDGE,0.1,5,1,-0.133474510993657,Bias
2,RIDGE,0.1,5,2,-0.12040587739907925,Bias
3,RIDGE,0.1,5,3,-0.12319297744484231,Bias
4,RIDGE,0.1,5,4,-0.12502538738547075,Bias
5,RIDGE,0.1,5,5,-0.1258165052208903,Bias
6,RIDGE,0.1,5,6,-0.12600601345538948,Bias
7,RIDGE,0.1,5,7,-0.12580072280480825,Bias
8,RIDGE,0.1,5,8,-0.12548953958561118,Bias
9,RIDGE,0.1,5,9,-0.12530934421534917,Bias
10,RIDGE,0.1,5,10,-0.12535103773185677,Bias
11,RIDGE,0.1,5,11,-0.12559697796913852,Bias
12,RIDGE,0.1,5,12,-0.12598482790032595,Bias
13,RIDGE,0.1,5,13,-0.1264503356617338,Bias
14,RIDGE,0.1,5,14,-0.1269455412553941,Bias
15,RIDGE,0.1,5,15,-0.12744137157769783,Bias
16,RIDGE,0.1,5,16,-0.12792339001464298,Bias
17,RIDGE,0.1,5,17,-0.12838612117238987,Bias
18,RIDGE,0.1,5,18,-0.1288283986791223,Bias
19,RIDGE,0.1,5,19,-0.1292503888697334,Bias
20,RIDGE,0.1,5,20,-0.12965210663131632,Bias
0,RIDGE,0.1,5,0,3.5950692295228405e-33,Variance
1,RIDGE,0.1,5,1,0.07429068123451547,Variance
2,RIDGE,0.1,5,2,0.07863867829144072,Variance
3,RIDGE,0.1,5,3,0.08327152025203291,Variance
4,RIDGE,0.1,5,4,0.08906752036342847,Variance
5,RIDGE,0.1,5,5,0.0933178032128244,Variance
6,RIDGE,0.1,5,6,0.09599085922382522,Variance
7,RIDGE,0.1,5,7,0.09779890106827932,Variance
8,RIDGE,0.1,5,8,0.09913567857210592,Variance
9,RIDGE,0.1,5,9,0.10023197534983526,Variance
10,RIDGE,0.1,5,10,0.1012317141647317,Variance
11,RIDGE,0.1,5,11,0.10220672450093973,Variance
12,RIDGE,0.1,5,12,0.10317721977620228,Variance
13,RIDGE,0.1,5,13,0.10413524043410424,Variance
14,RIDGE,0.1,5,14,0.10506356173969654,Variance
15,RIDGE,0.1,5,15,0.10594742460483028,Variance
16,RIDGE,0.1,5,16,0.10677959755665457,Variance
17,RIDGE,0.1,5,17,0.10756081609618763,Variance
18,RIDGE,0.1,5,18,0.10829782960717178,Variance
19,RIDGE,0.1,5,19,0.10900073987993371,Variance
20,RIDGE,0.1,5,20,0.10968062612850099,Variance
0,RIDGE,0.1,5,0,-0.0038681996826451424,R2
1,RIDGE,0.1,5,1,0.05625995129037819,R2
2,RIDGE,0.1,5,2,0.040045993887996324,R2
3,RIDGE,0.1,5,3,0.038212141281345514,R2
4,RIDGE,0.1,5,4,0.0344284327062068,R2
5,RIDGE,0.1,5,5,0.031036716743831846,R2
6,RIDGE,0.1,5,6,0.028543322411529362,R2
7,RIDGE,0.1,5,7,0.026511863981835547,R2
8,RIDGE,0.1,5,8,0.02485660458108721,R2
9,RIDGE,0.1,5,9,0.02358172762519857,R2
10,RIDGE,0.1,5,10,0.02263110424905279,R2
11,RIDGE,0.1,5,11,0.021914791662628358,R2
12,RIDGE,0.1,5,12,0.02135109668577352,R2
13,RIDGE,0.1,5,13,0.020884323335047632,R2
14,RIDGE,0.1,5,14,0.020483417208855458,R2
15,RIDGE,0.1,5,15,0.0201329511016601,R2
16,RIDGE,0.1,5,16,0.019824245122992724,R2
17,RIDGE,0.1,5,17,0.01954966195644725,R2
18,RIDGE,0.1,5,18,0.01930015979381288,R2
19,RIDGE,0.1,5,19,0.019065067272118916,R2
20,RIDGE,0.1,5,20,0.018832952586617345,R2
0,RIDGE,0.1,5,0,1.0681895003544541,MSE_train
1,RIDGE,0.1,5,1,0.991211403081043,MSE_train
2,RIDGE,0.1,5,2,0.9852297630253448,MSE_train
3,RIDGE,0.1,5,3,0.9766694963245972,MSE_train
4,RIDGE,0.1,5,4,0.9713522146298549,MSE_train
5,RIDGE,0.1,5,5,0.9687608571145171,MSE_train
6,RIDGE,0.1,5,6,0.9669862721264646,MSE_train
7,RIDGE,0.1,5,7,0.965429683321259,MSE_train
8,RIDGE,0.1,5,8,0.9638728854388476,MSE_train
9,RIDGE,0.1,5,9,0.9622821367665473,MSE_train
10,RIDGE,0.1,5,10,0.9607206149563653,MSE_train
11,RIDGE,0.1,5,11,0.9592653311173257,MSE_train
12,RIDGE,0.1,5,12,0.9579668665795127,MSE_train
13,RIDGE,0.1,5,13,0.9568412188572126,MSE_train
14,RIDGE,0.1,5,14,0.9558771786878988,MSE_train
15,RIDGE,0.1,5,15,0.9550481466561741,MSE_train
16,RIDGE,0.1,5,16,0.9543224622671276,MSE_train
17,RIDGE,0.1,5,17,0.9536702197632166,MSE_train
18,RIDGE,0.1,5,18,0.9530667298782498,MSE_train
19,RIDGE,0.1,5,19,0.9524935684383679,MSE_train
20,RIDGE,0.1,5,20,0.9519381925568758,MSE_train
0,LASSO,0.1,5,0,1.0798858160611042,MSE
1,LASSO,0.1,5,1,1.0798858160611042,MSE
2,LASSO,0.1,5,2,1.0798858160611042,MSE
3,LASSO,0.1,5,3,1.0798858160611042,MSE
4,LASSO,0.1,5,4,1.0798858160611042,MSE
5,LASSO,0.1,5,5,1.0798858160611042,MSE
6,LASSO,0.1,5,6,1.0798858160611042,MSE
7,LASSO,0.1,5,7,1.0798858160611042,MSE
8,LASSO,0.1,5,8,1.0798858160611042,MSE
9,LASSO,0.1,5,9,1.0798858160611042,MSE
10,LASSO,0.1,5,10,1.0798858160611042,MSE
11,LASSO,0.1,5,11,1.0798858160611042,MSE
12,LASSO,0.1,5,12,1.0798858160611042,MSE
13,LASSO,0.1,5,13,1.0798858160611042,MSE
14,LASSO,0.1,5,14,1.0798858160611042,MSE
15,LASSO,0.1,5,15,1.0798858160611042,MSE
16,LASSO,0.1,5,16,1.0798858160611042,MSE
17,LASSO,0.1,5,17,1.0798858160611042,MSE
18,LASSO,0.1,5,18,1.0798858160611042,MSE
19,LASSO,0.1,5,19,1.0798858160611042,MSE
20,LASSO,0.1,5,20,1.0798858160611042,MSE
0,LASSO,0.1,5,0,0.01169632638699795,Bias
1,LASSO,0.1,5,1,0.011696326386998022,Bias
2,LASSO,0.1,5,2,0.011696326386998022,Bias
3,LASSO,0.1,5,3,0.011696326386998022,Bias
4,LASSO,0.1,5,4,0.011696326386998022,Bias
5,LASSO,0.1,5,5,0.011696326386998022,Bias
6,LASSO,0.1,5,6,0.011696326386998022,Bias
7,LASSO,0.1,5,7,0.011696326386998022,Bias
8,LASSO,0.1,5,8,0.011696326386998022,Bias
9,LASSO,0.1,5,9,0.011696326386998022,Bias
10,LASSO,0.1,5,10,0.011696326386998022,Bias
11,LASSO,0.1,5,11,0.011696326386998022,Bias
12,LASSO,0.1,5,12,0.011696326386998022,Bias
13,LASSO,0.1,5,13,0.011696326386998022,Bias
14,LASSO,0.1,5,14,0.011696326386998022,Bias
15,LASSO,0.1,5,15,0.011696326386998022,Bias
16,LASSO,0.1,5,16,0.011696326386998022,Bias
17,LASSO,0.1,5,17,0.011696326386998022,Bias
18,LASSO,0.1,5,18,0.011696326386998022,Bias
19,LASSO,0.1,5,19,0.011696326386998022,Bias
20,LASSO,0.1,5,20,0.011696326386998022,Bias
0,LASSO,0.1,5,0,2.0543252740130515e-33,Variance
1,LASSO,0.1,5,1,3.081487911019577e-33,Variance
2,LASSO,0.1,5,2,3.081487911019577e-33,Variance
3,LASSO,0.1,5,3,3.081487911019577e-33,Variance
4,LASSO,0.1,5,4,3.081487911019577e-33,Variance
5,LASSO,0.1,5,5,3.081487911019577e-33,Variance
6,LASSO,0.1,5,6,3.081487911019577e-33,Variance
7,LASSO,0.1,5,7,3.081487911019577e-33,Variance
8,LASSO,0.1,5,8,3.081487911019577e-33,Variance
9,LASSO,0.1,5,9,3.081487911019577e-33,Variance
10,LASSO,0.1,5,10,3.081487911019577e-33,Variance
11,LASSO,0.1,5,11,3.081487911019577e-33,Variance
12,LASSO,0.1,5,12,3.081487911019577e-33,Variance
13,LASSO,0.1,5,13,3.081487911019577e-33,Variance
14,LASSO,0.1,5,14,3.081487911019577e-33,Variance
15,LASSO,0.1,5,15,3.081487911019577e-33,Variance
16,LASSO,0.1,5,16,3.081487911019577e-33,Variance
17,LASSO,0.1,5,17,3.081487911019577e-33,Variance
18,LASSO,0.1,5,18,3.081487911019577e-33,Variance
19,LASSO,0.1,5,19,3.081487911019577e-33,Variance
20,LASSO,0.1,5,20,3.081487911019577e-33,Variance
0,LASSO,0.1,5,0,-0.013335898999127349,R2
1,LASSO,0.1,5,1,-0.013335898999127424,R2
2,LASSO,0.1,5,2,-0.013335898999127424,R2
3,LASSO,0.1,5,3,-0.013335898999127424,R2
4,LASSO,0.1,5,4,-0.013335898999127424,R2
5,LASSO,0.1,5,5,-0.013335898999127424,R2
6,LASSO,0.1,5,6,-0.013335898999127424,R2
7,LASSO,0.1,5,7,-0.013335898999127424,R2
8,LASSO,0.1,5,8,-0.013335898999127424,R2
9,LASSO,0.1,5,9,-0.013335898999127424,R2
10,LASSO,0.1,5,10,-0.013335898999127424,R2
11,LASSO,0.1,5,11,-0.013335898999127424,R2
12,LASSO,0.1,5,12,-0.013335898999127424,R2
13,LASSO,0.1,5,13,-0.013335898999127424,R2
14,LASSO,0.1,5,14,-0.013335898999127424,R2
15,LASSO,0.1,5,15,-0.013335898999127424,R2
16,LASSO,0.1,5,16,-0.013335898999127424,R2
17,LASSO,0.1,5,17,-0.013335898999127424,R2
18,LASSO,0.1,5,18,-0.013335898999127424,R2
19,LASSO,0.1,5,19,-0.013335898999127424,R2
20,LASSO,0.1,5,20,-0.013335898999127424,R2
0,LASSO,0.1,5,0,1.0781894896741062,MSE_train
1,LASSO,0.1,5,1,1.0781894896741062,MSE_train
2,LASSO,0.1,5,2,1.0781894896741062,MSE_train
3,LASSO,0.1,5,3,1.0781894896741062,MSE_train
4,LASSO,0.1,5,4,1.0781894896741062,MSE_train
5,LASSO,0.1,5,5,1.0781894896741062,MSE_train
6,LASSO,0.1,5,6,1.0781894896741062,MSE_train
7,LASSO,0.1,5,7,1.0781894896741062,MSE_train
8,LASSO,0.1,5,8,1.0781894896741062,MSE_train
9,LASSO,0.1,5,9,1.0781894896741062,MSE_train
10,LASSO,0.1,5,10,1.0781894896741062,MSE_train
11,LASSO,0.1,5,11,1.0781894896741062,MSE_train
12,LASSO,0.1,5,12,1.0781894896741062,MSE_train
13,LASSO,0.1,5,13,1.0781894896741062,MSE_train
14,LASSO,0.1,5,14,1.0781894896741062,MSE_train
15,LASSO,0.1,5,15,1.0781894896741062,MSE_train
16,LASSO,0.1,5,16,1.0781894896741062,MSE_train
17,LASSO,0.1,5,17,1.0781894896741062,MSE_train
18,LASSO,0.1,5,18,1.0781894896741062,MSE_train
19,LASSO,0.1,5,19,1.0781894896741062,MSE_train
20,LASSO,0.1,5,20,1.0781894896741062,MSE_train
0,OLS,0,10,0,1.070884042851306,MSE
1,OLS,0,10,1,1.005748712781821,MSE
2,OLS,0,10,2,1.0174065466643405,MSE
3,OLS,0,10,3,1.0309146992438267,MSE
4,OLS,0,10,4,1.0399307646616665,MSE
5,OLS,0,10,5,1.0594684923040367,MSE
6,OLS,0,10,6,1.0866901410520255,MSE
7,OLS,0,10,7,1.1113298490540529,MSE
8,OLS,0,10,8,1.1309406537038393,MSE
9,OLS,0,10,9,1.1404244448139924,MSE
10,OLS,0,10,10,1.1864996909846117,MSE
11,OLS,0,10,11,1.2156166828985613,MSE
12,OLS,0,10,12,1.3688535602664693,MSE
13,OLS,0,10,13,1.333259581541772,MSE
14,OLS,0,10,14,1.4381192864376149,MSE
15,OLS,0,10,15,2.379622326369301,MSE
16,OLS,0,10,16,2.472964921491789,MSE
17,OLS,0,10,17,3.7269838646531723,MSE
18,OLS,0,10,18,2.881319344756042,MSE
19,OLS,0,10,19,2.698526493902447,MSE
20,OLS,0,10,20,4.084507370286767,MSE
0,OLS,0,10,0,0.002669616704366426,Bias
1,OLS,0,10,1,-0.13692009438823105,Bias
2,OLS,0,10,2,-0.13042760513637486,Bias
3,OLS,0,10,3,-0.13272608480689443,Bias
4,OLS,0,10,4,-0.1325895713056108,Bias
5,OLS,0,10,5,-0.12549433444182082,Bias
6,OLS,0,10,6,-0.11277371730668174,Bias
7,OLS,0,10,7,-0.09320090602026528,Bias
8,OLS,0,10,8,-0.10737449270562108,Bias
9,OLS,0,10,9,-0.14119600844021166,Bias
10,OLS,0,10,10,-0.12884486612395377,Bias
11,OLS,0,10,11,-0.12563697686862016,Bias
12,OLS,0,10,12,-0.1461656130009893,Bias
13,OLS,0,10,13,-0.13116413122509465,Bias
14,OLS,0,10,14,-0.1275194074425813,Bias
15,OLS,0,10,15,-0.11948105017616381,Bias
16,OLS,0,10,16,-0.15343420140637504,Bias
17,OLS,0,10,17,-0.15636373302532985,Bias
18,OLS,0,10,18,-0.1716868280752745,Bias
19,OLS,0,10,19,-0.11982348962409362,Bias
20,OLS,0,10,20,-0.11264463787762369,Bias
0,OLS,0,10,0,1.6808115878288603e-32,Variance
1,OLS,0,10,1,0.07445438102311254,Variance
2,OLS,0,10,2,0.0796197256537758,Variance
3,OLS,0,10,3,0.09542635790378162,Variance
4,OLS,0,10,4,0.1043059098203377,Variance
5,OLS,0,10,5,0.11674840059891806,Variance
6,OLS,0,10,6,0.1312494322117677,Variance
7,OLS,0,10,7,0.1363163289273786,Variance
8,OLS,0,10,8,0.170100720262521,Variance
9,OLS,0,10,9,0.21340602710726442,Variance
10,OLS,0,10,10,0.2471301309616257,Variance
11,OLS,0,10,11,0.27303923362024174,Variance
12,OLS,0,10,12,0.44680474712051943,Variance
13,OLS,0,10,13,0.39620928661992727,Variance
14,OLS,0,10,14,0.4974242677332563,Variance
15,OLS,0,10,15,1.4308889503985252,Variance
16,OLS,0,10,16,1.5581846967512245,Variance
17,OLS,0,10,17,2.8151331715315626,Variance
18,OLS,0,10,18,1.9847917466843767,Variance
19,OLS,0,10,19,1.7501355573796011,Variance
20,OLS,0,10,20,3.1289375820174508,Variance
0,OLS,0,10,0,-0.009224533913797819,R2
1,OLS,0,10,1,0.051882212927301115,R2
2,OLS,0,10,2,0.03978054218941036,R2
3,OLS,0,10,3,0.02721627835039232,R2
4,OLS,0,10,4,0.01916436355501082,R2
5,OLS,0,10,5,2.698981466911412e-06,R2
6,OLS,0,10,6,-0.023194632424162007,R2
7,OLS,0,10,7,-0.04659922914329698,R2
8,OLS,0,10,8,-0.06269116319079726,R2
9,OLS,0,10,9,-0.0702142553400689,R2
10,OLS,0,10,10,-0.11453386281038712,R2
11,OLS,0,10,11,-0.13777419756259252,R2
12,OLS,0,10,12,-0.27193369294070857,R2
13,OLS,0,10,13,-0.24713980783880257,R2
14,OLS,0,10,14,-0.33598258735363556,R2
15,OLS,0,10,15,-1.177086649482976,R2
16,OLS,0,10,16,-1.239887422276698,R2
17,OLS,0,10,17,-2.29952246511764,R2
18,OLS,0,10,18,-1.529108589317187,R2
19,OLS,0,10,19,-1.4385378516257084,R2
20,OLS,0,10,20,-2.629910946041517,R2
0,OLS,0,10,0,1.0682144261469395,MSE_train
1,OLS,0,10,1,0.9920701805987325,MSE_train
2,OLS,0,10,2,0.9872946729491778,MSE_train
3,OLS,0,10,3,0.9728383001936891,MSE_train
4,OLS,0,10,4,0.9628172992554631,MSE_train
5,OLS,0,10,5,0.950630789577056,MSE_train
6,OLS,0,10,6,0.9371679824069259,MSE_train
7,OLS,0,10,7,0.9315571709615951,MSE_train
8,OLS,0,10,8,0.9104908535968913,MSE_train
9,OLS,0,10,9,0.8810647132250964,MSE_train
10,OLS,0,10,10,0.8798170940731395,MSE_train
11,OLS,0,10,11,0.871240414577606,MSE_train
12,OLS,0,10,12,0.8552593065449723,MSE_train
13,OLS,0,10,13,0.8530026463447046,MSE_train
14,OLS,0,10,14,0.850718169221727,MSE_train
15,OLS,0,10,15,0.8469481902720343,MSE_train
16,OLS,0,10,16,0.8396689027376492,MSE_train
17,OLS,0,10,17,0.8314871369596963,MSE_train
18,OLS,0,10,18,0.8299921543383133,MSE_train
19,OLS,0,10,19,0.8278892646551411,MSE_train
20,OLS,0,10,20,0.8200418532625227,MSE_train
0,RIDGE,1e-05,10,0,1.0708840428125646,MSE
1,RIDGE,1e-05,10,1,1.00574870894594,MSE
2,RIDGE,1e-05,10,2,1.017406419366846,MSE
3,RIDGE,1e-05,10,3,1.030909083324925,MSE
4,RIDGE,1e-05,10,4,1.039833647774929,MSE
5,RIDGE,1e-05,10,5,1.0561621627544937,MSE
6,RIDGE,1e-05,10,6,1.0613912832946033,MSE
7,RIDGE,1e-05,10,7,1.070934038385395,MSE
8,RIDGE,1e-05,10,8,1.0793195260223996,MSE
9,RIDGE,1e-05,10,9,1.0848237016410582,MSE
10,RIDGE,1e-05,10,10,1.0879237746128652,MSE
11,RIDGE,1e-05,10,11,1.0901855275621555,MSE
12,RIDGE,1e-05,10,12,1.0928054819100255,MSE
13,RIDGE,1e-05,10,13,1.0963114469823356,MSE
14,RIDGE,1e-05,10,14,1.1008178104476114,MSE
15,RIDGE,1e-05,10,15,1.1062273933788536,MSE
16,RIDGE,1e-05,10,16,1.112414243416471,MSE
17,RIDGE,1e-05,10,17,1.119462386163377,MSE
18,RIDGE,1e-05,10,18,1.1278304122336127,MSE
19,RIDGE,1e-05,10,19,1.1383661761956887,MSE
20,RIDGE,1e-05,10,20,1.1522421996679895,MSE
0,RIDGE,1e-05,10,0,0.0026696166656248535,Bias
1,RIDGE,1e-05,10,1,-0.13692002648283322,Bias
2,RIDGE,1e-05,10,2,-0.13042746302461136,Bias
3,RIDGE,1e-05,10,3,-0.13272477366349206,Bias
4,RIDGE,1e-05,10,4,-0.13258500901112766,Bias
5,RIDGE,1e-05,10,5,-0.12698093226264515,Bias
6,RIDGE,1e-05,10,6,-0.12828367008379926,Bias
7,RIDGE,1e-05,10,7,-0.12275498763173393,Bias
8,RIDGE,1e-05,10,8,-0.1167523486637525,Bias
9,RIDGE,1e-05,10,9,-0.11271978089656554,Bias
10,RIDGE,1e-05,10,10,-0.11143501607429708,Bias
11,RIDGE,1e-05,10,11,-0.11206167028621583,Bias
12,RIDGE,1e-05,10,12,-0.11343523059477979,Bias
13,RIDGE,1e-05,10,13,-0.11492246747036494,Bias
14,RIDGE,1e-05,10,14,-0.1163988354859881,Bias
15,RIDGE,1e-05,10,15,-0.11791745195350267,Bias
16,RIDGE,1e-05,10,16,-0.11950965661907931,Bias
17,RIDGE,1e-05,10,17,-0.12114844548655418,Bias
18,RIDGE,1e-05,10,18,-0.12277928132974132,Bias
19,RIDGE,1e-05,10,19,-0.12435137986278158,Bias
20,RIDGE,1e-05,10,20,-0.12582933460245532,Bias
0,RIDGE,1e-05,10,0,2.297109170032776e-32,Variance
1,RIDGE,1e-05,10,1,0.07445430928183368,Variance
2,RIDGE,1e-05,10,2,0.07961945624451774,Variance
3,RIDGE,1e-05,10,3,0.09541943084147736,Variance
4,RIDGE,1e-05,10,4,0.10420423063911705,Variance
5,RIDGE,1e-05,10,5,0.11492866887019922,Variance
6,RIDGE,1e-05,10,6,0.12146052723146307,Variance
7,RIDGE,1e-05,10,7,0.12547459987018938,Variance
8,RIDGE,1e-05,10,8,0.12785744853921235,Variance
9,RIDGE,1e-05,10,9,0.1293290563906845,Variance
10,RIDGE,1e-05,10,10,0.13114436454022255,Variance
11,RIDGE,1e-05,10,11,0.13403277170143177,Variance
12,RIDGE,1e-05,10,12,0.13802628635786562,Variance
13,RIDGE,1e-05,10,13,0.14301948830576128,Variance
14,RIDGE,1e-05,10,14,0.14900221978666006,Variance
15,RIDGE,1e-05,10,15,0.15593041918541675,Variance
16,RIDGE,1e-05,10,16,0.1637094738886106,Variance
17,RIDGE,1e-05,10,17,0.17239640550299154,Variance
18,RIDGE,1e-05,10,18,0.18239526741641443,Variance
19,RIDGE,1e-05,10,19,0.1945031299115308,Variance
20,RIDGE,1e-05,10,20,0.2098571081235051,Variance
0,RIDGE,1e-05,10,0,-0.009224533842333611,R2
1,RIDGE,1e-05,10,1,0.05188221727451647,R2
2,RIDGE,1e-05,10,2,0.03978068623396651,R2
3,RIDGE,1e-05,10,3,0.027221217430845643,R2
4,RIDGE,1e-05,10,4,0.019248095158769605,R2
5,RIDGE,1e-05,10,5,0.003218661463853783,R2
6,RIDGE,1e-05,10,6,0.00023597642263224034,R2
7,RIDGE,1e-05,10,7,-0.00807400158131719,R2
8,RIDGE,1e-05,10,8,-0.015761816175147676,R2
9,RIDGE,1e-05,10,9,-0.02073173366336771,R2
10,RIDGE,1e-05,10,10,-0.023223107942108176,R2
11,RIDGE,1e-05,10,11,-0.024844749656285393,R2
12,RIDGE,1e-05,10,12,-0.026896800326753064,R2
13,RIDGE,1e-05,10,13,-0.029928922054004478,R2
14,RIDGE,1e-05,10,14,-0.034005987702446026,R2
15,RIDGE,1e-05,10,15,-0.03895376240075003,R2
16,RIDGE,1e-05,10,16,-0.04456743396468663,R2
17,RIDGE,1e-05,10,17,-0.05084905724270998,R2
18,RIDGE,1e-05,10,18,-0.05815537856014506,R2
19,RIDGE,1e-05,10,19,-0.06719637975412036,R2
20,RIDGE,1e-05,10,20,-0.07896202725931754,R2
0,RIDGE,1e-05,10,0,1.0682144261469395,MSE_train
1,RIDGE,1e-05,10,1,0.9920701805987506,MSE_train
2,RIDGE,1e-05,10,2,0.9872946729504246,MSE_train
3,RIDGE,1e-05,10,3,0.9728383010643253,MSE_train
4,RIDGE,1e-05,10,4,0.9628177435405949,MSE_train
5,RIDGE,1e-05,10,5,0.9507607658950721,MSE_train
6,RIDGE,1e-05,10,6,0.9420741335257011,MSE_train
7,RIDGE,1e-05,10,7,0.9387152946138498,MSE_train
8,RIDGE,1e-05,10,8,0.9372328783297033,MSE_train
9,RIDGE,1e-05,10,9,0.9354920339867231,MSE_train
10,RIDGE,1e-05,10,10,0.9326643251395402,MSE_train
11,RIDGE,1e-05,10,11,0.9292918830963471,MSE_train
12,RIDGE,1e-05,10,12,0.9259428569726076,MSE_train
13,RIDGE,1e-05,10,13,0.922830472666726,MSE_train
14,RIDGE,1e-05,10,14,0.919941841657461,MSE_train
15,RIDGE,1e-05,10,15,0.9172071250055185,MSE_train
16,RIDGE,1e-05,10,16,0.9145745220051378,MSE_train
17,RIDGE,1e-05,10,17,0.9120335208932331,MSE_train
18,RIDGE,1e-05,10,18,0.9096049347099383,MSE_train
19,RIDGE,1e-05,10,19,0.9073180495993705,MSE_train
20,RIDGE,1e-05,10,20,0.9051948933161734,MSE_train
0,LASSO,1e-05,10,0,1.070884043572966,MSE
1,LASSO,1e-05,10,1,1.0057486809340526,MSE
2,LASSO,1e-05,10,2,1.0173876196993374,MSE
3,LASSO,1e-05,10,3,1.030140088631014,MSE
4,LASSO,1e-05,10,4,1.036911018144391,MSE
5,LASSO,1e-05,10,5,1.050477869500531,MSE
6,LASSO,1e-05,10,6,1.0516844414158866,MSE
7,LASSO,1e-05,10,7,1.055183837675469,MSE
8,LASSO,1e-05,10,8,1.05743145990554,MSE
9,LASSO,1e-05,10,9,1.0599487918706325,MSE
10,LASSO,1e-05,10,10,1.0629094485993218,MSE
11,LASSO,1e-05,10,11,1.0643208731488323,MSE
12,LASSO,1e-05,10,12,1.06778528128216,MSE
13,LASSO,1e-05,10,13,1.0688684359932552,MSE
14,LASSO,1e-05,10,14,1.0686581405279327,MSE
15,LASSO,1e-05,10,15,1.0696260899683667,MSE
16,LASSO,1e-05,10,16,1.0678861858027808,MSE
17,LASSO,1e-05,10,17,1.068316100130259,MSE
18,LASSO,1e-05,10,18,1.0686890693400664,MSE
19,LASSO,1e-05,10,19,1.0693755144017858,MSE
20,LASSO,1e-05,10,20,1.0720167392878583,MSE
0,LASSO,1e-05,10,0,0.0026696174260264997,Bias
1,LASSO,1e-05,10,1,-0.1368800406219985,Bias
2,LASSO,1e-05,10,2,-0.13034651380587708,Bias
3,LASSO,1e-05,10,3,-0.13293042684179396,Bias
4,LASSO,1e-05,10,4,-0.1333655424169887,Bias
5,LASSO,1e-05,10,5,-0.12512906203694266,Bias
6,LASSO,1e-05,10,6,-0.12859724064868824,Bias
7,LASSO,1e-05,10,7,-0.12884318873685044,Bias
8,LASSO,1e-05,10,8,-0.1289245774847661,Bias
9,LASSO,1e-05,10,9,-0.12775758269686707,Bias
10,LASSO,1e-05,10,10,-0.1261989606843178,Bias
11,LASSO,1e-05,10,11,-0.12571005538417357,Bias
12,LASSO,1e-05,10,12,-0.12344283859663878,Bias
13,LASSO,1e-05,10,13,-0.12306698319171724,Bias
14,LASSO,1e-05,10,14,-0.12469086049343317,Bias
15,LASSO,1e-05,10,15,-0.12536176791798143,Bias
16,LASSO,1e-05,10,16,-0.12911348781146556,Bias
17,LASSO,1e-05,10,17,-0.13096302984524616,Bias
18,LASSO,1e-05,10,18,-0.13333514167510568,Bias
19,LASSO,1e-05,10,19,-0.13539233502002515,Bias
20,LASSO,1e-05,10,20,-0.13739057742447439,Bias
0,LASSO,1e-05,10,0,2.0169739053946323e-32,Variance
1,LASSO,1e-05,10,1,0.07441429540911129,Variance
2,LASSO,1e-05,10,2,0.07951970735827486,Variance
3,LASSO,1e-05,10,3,0.0948560893258682,Variance
4,LASSO,1e-05,10,4,0.10206213441444034,Variance
5,LASSO,1e-05,10,5,0.10739250539053406,Variance
6,LASSO,1e-05,10,6,0.11206725591763543,Variance
7,LASSO,1e-05,10,7,0.11581260026537975,Variance
8,LASSO,1e-05,10,8,0.11814161124336667,Variance
9,LASSO,1e-05,10,9,0.11949194842056002,Variance
10,LASSO,1e-05,10,10,0.12089398313669995,Variance
11,LASSO,1e-05,10,11,0.1218165023860664,Variance
12,LASSO,1e-05,10,12,0.12301369373185916,Variance
13,LASSO,1e-05,10,13,0.12372099303803295,Variance
14,LASSO,1e-05,10,14,0.12513457487442645,Variance
15,LASSO,1e-05,10,15,0.12677343173940853,Variance
16,LASSO,1e-05,10,16,0.12878524746730677,Variance
17,LASSO,1e-05,10,17,0.13106470382856547,Variance
18,LASSO,1e-05,10,18,0.13380978486823242,Variance
19,LASSO,1e-05,10,19,0.13655342327487158,Variance
20,LASSO,1e-05,10,20,0.1411928905653932,Variance
0,LASSO,1e-05,10,0,-0.009224497581233308,R2
1,LASSO,1e-05,10,1,0.05188266291970797,R2
2,LASSO,1e-05,10,2,0.03980729093258003,R2
3,LASSO,1e-05,10,3,0.02788337660133026,R2
4,LASSO,1e-05,10,4,0.02183787974462655,R2
5,LASSO,1e-05,10,5,0.009051670029728547,R2
6,LASSO,1e-05,10,6,0.008072569075907908,R2
7,LASSO,1e-05,10,7,0.005681716009439796,R2
8,LASSO,1e-05,10,8,0.0039642495106442435,R2
9,LASSO,1e-05,10,9,0.0016514967195475582,R2
10,LASSO,1e-05,10,10,-0.0011368899390284423,R2
11,LASSO,1e-05,10,11,-0.002397310773945654,R2
12,LASSO,1e-05,10,12,-0.005605892206601602,R2
13,LASSO,1e-05,10,13,-0.00653605192592384,R2
14,LASSO,1e-05,10,14,-0.006019526041550446,R2
15,LASSO,1e-05,10,15,-0.006608748323330745,R2
16,LASSO,1e-05,10,16,-0.004741098696735963,R2
17,LASSO,1e-05,10,17,-0.004942634464002131,R2
18,LASSO,1e-05,10,18,-0.0050580326273364975,R2
19,LASSO,1e-05,10,19,-0.005523698386023797,R2
20,LASSO,1e-05,10,20,-0.007717889682799974,R2
0,LASSO,1e-05,10,0,1.0682144262469397,MSE_train
1,LASSO,1e-05,10,1,0.9920701862721936,MSE_train
2,LASSO,1e-05,10,2,0.9872949350363175,MSE_train
3,LASSO,1e-05,10,3,0.9728474892545367,MSE_train
4,LASSO,1e-05,10,4,0.9631365424352036,MSE_train
5,LASSO,1e-05,10,5,0.9549080225724909,MSE_train
6,LASSO,1e-05,10,6,0.9477110140311629,MSE_train
7,LASSO,1e-05,10,7,0.9438996087789876,MSE_train
8,LASSO,1e-05,10,8,0.9419691102899732,MSE_train
9,LASSO,1e-05,10,9,0.9408122469220117,MSE_train
10,LASSO,1e-05,10,10,0.9401922459879046,MSE_train
11,LASSO,1e-05,10,11,0.9393788606498511,MSE_train
12,LASSO,1e-05,10,12,0.9374688848655978,MSE_train
13,LASSO,1e-05,10,13,0.9352997636398356,MSE_train
14,LASSO,1e-05,10,14,0.9330977815666138,MSE_train
15,LASSO,1e-05,10,15,0.9311965636026145,MSE_train
16,LASSO,1e-05,10,16,0.929325080598739,MSE_train
17,LASSO,1e-05,10,17,0.9278679653148443,MSE_train
18,LASSO,1e-05,10,18,0.9267362552424765,MSE_train
19,LASSO,1e-05,10,19,0.9255708544970391,MSE_train
20,LASSO,1e-05,10,20,0.9247139716994425,MSE_train
0,RIDGE,0.001,10,0,1.0708840389780439,MSE
1,RIDGE,0.001,10,1,1.0057483293887275,MSE
2,RIDGE,0.001,10,2,1.0173938399180378,MSE
3,RIDGE,0.001,10,3,1.0303758420431879,MSE
4,RIDGE,0.001,10,4,1.0354223856733005,MSE
5,RIDGE,0.001,10,5,1.040824439358792,MSE
6,RIDGE,0.001,10,6,1.0431197743401766,MSE
7,RIDGE,0.001,10,7,1.0443910120025637,MSE
8,RIDGE,0.001,10,8,1.0459626516115914,MSE
9,RIDGE,0.001,10,9,1.0483442065832573,MSE
10,RIDGE,0.001,10,10,1.0511021303819224,MSE
11,RIDGE,0.001,10,11,1.0535279228293857,MSE
12,RIDGE,0.001,10,12,1.0552562560209124,MSE
13,RIDGE,0.001,10,13,1.056313243532772,MSE
14,RIDGE,0.001,10,14,1.0569408402023424,MSE
15,RIDGE,0.001,10,15,1.0574375202067918,MSE
16,RIDGE,0.001,10,16,1.0580679282536702,MSE
17,RIDGE,0.001,10,17,1.0590293073491883,MSE
18,RIDGE,0.001,10,18,1.0604536227903474,MSE
19,RIDGE,0.001,10,19,1.0624264076023238,MSE
20,RIDGE,0.001,10,20,1.0650081762767516,MSE
0,RIDGE,0.001,10,0,0.0026696128311042705,Bias
1,RIDGE,0.001,10,1,-0.1369133041164748,Bias
2,RIDGE,0.001,10,2,-0.13041340773293658,Bias
3,RIDGE,0.001,10,3,-0.13259867525055705,Bias
4,RIDGE,0.001,10,4,-0.13229265745258434,Bias
5,RIDGE,0.001,10,5,-0.12955432783265847,Bias
6,RIDGE,0.001,10,6,-0.13020121933090262,Bias
7,RIDGE,0.001,10,7,-0.1325458123440962,Bias
8,RIDGE,0.001,10,8,-0.13427840328236412,Bias
9,RIDGE,0.001,10,9,-0.13463486860341783,Bias
10,RIDGE,0.001,10,10,-0.13389397760930766,Bias
11,RIDGE,0.001,10,11,-0.13281292645345877,Bias
12,RIDGE,0.001,10,12,-0.1320405402884472,Bias
13,RIDGE,0.001,10,13,-0.13190561032776404,Bias
14,RIDGE,0.001,10,14,-0.1324558996957724,Bias
15,RIDGE,0.001,10,15,-0.13356249881897664,Bias
16,RIDGE,0.001,10,16,-0.1350184898167068,Bias
17,RIDGE,0.001,10,17,-0.13661361283282836,Bias
18,RIDGE,0.001,10,18,-0.13817886610186403,Bias
19,RIDGE,0.001,10,19,-0.13960269877055853,Bias
20,RIDGE,0.001,10,20,-0.14082740052079457,Bias
0,RIDGE,0.001,10,0,1.1765681114802023e-32,Variance
1,RIDGE,0.001,10,1,0.07444720735826284,Variance
2,RIDGE,0.001,10,2,0.07959282150403489,Variance
3,RIDGE,0.001,10,3,0.09476009114680525,Variance
4,RIDGE,0.001,10,4,0.09950061697894517,Variance
5,RIDGE,0.001,10,5,0.10216434104451107,Variance
6,RIDGE,0.001,10,6,0.10510656752413956,Variance
7,RIDGE,0.001,10,7,0.10872239819972018,Variance
8,RIDGE,0.001,10,8,0.11202662874701584,Variance
9,RIDGE,0.001,10,9,0.11476464903973566,Variance
10,RIDGE,0.001,10,10,0.11678168184429066,Variance
11,RIDGE,0.001,10,11,0.11812642313590503,Variance
12,RIDGE,0.001,10,12,0.11908237016242024,Variance
13,RIDGE,0.001,10,13,0.12000442771359668,Variance
14,RIDGE,0.001,10,14,0.12118231375117515,Variance
15,RIDGE,0.001,10,15,0.12278559287882881,Variance
16,RIDGE,0.001,10,16,0.12487199192343747,Variance
17,RIDGE,0.001,10,17,0.12742849403507706,Variance
18,RIDGE,0.001,10,18,0.13041806274527212,Variance
19,RIDGE,0.001,10,19,0.1338146802259426,Variance
20,RIDGE,0.001,10,20,0.13762115065060668,Variance
0,RIDGE,0.001,10,0,-0.009224526768244177,R2
1,RIDGE,0.001,10,1,0.05188264746007876,R2
2,RIDGE,0.001,10,2,0.039794921980955925,R2
3,RIDGE,0.001,10,3,0.027690327777126798,R2
4,RIDGE,0.001,10,4,0.023070671890750943,R2
5,RIDGE,0.001,10,5,0.018115243122328182,R2
6,RIDGE,0.001,10,6,0.015930938999713307,R2
7,RIDGE,0.001,10,7,0.014911122920457567,R2
8,RIDGE,0.001,10,8,0.013847793934166536,R2
9,RIDGE,0.001,10,9,0.012051005263437864,R2
10,RIDGE,0.001,10,10,0.009796815441099992,R2
11,RIDGE,0.001,10,11,0.0077366235763260995,R2
12,RIDGE,0.001,10,12,0.006252291156124933,R2
13,RIDGE,0.001,10,13,0.005368114474516424,R2
14,RIDGE,0.001,10,14,0.004894254306921874,R2
15,RIDGE,0.001,10,15,0.00456823900482739,R2
16,RIDGE,0.001,10,16,0.0041427954093842655,R2
17,RIDGE,0.001,10,17,0.0034262834566388275,R2
18,RIDGE,0.001,10,18,0.0022891821963217,R2
19,RIDGE,0.001,10,19,0.0006510091017800966,R2
20,RIDGE,0.001,10,20,-0.0015389568412814492,R2
0,RIDGE,0.001,10,0,1.0682144261478375,MSE_train
1,RIDGE,0.001,10,1,0.9920701807804299,MSE_train
2,RIDGE,0.001,10,2,0.9872946853936979,MSE_train
3,RIDGE,0.001,10,3,0.9728465315812242,MSE_train
4,RIDGE,0.001,10,4,0.9640104603593638,MSE_train
5,RIDGE,0.001,10,5,0.9603819700584348,MSE_train
6,RIDGE,0.001,10,6,0.9543850799636024,MSE_train
7,RIDGE,0.001,10,7,0.9491189604071271,MSE_train
8,RIDGE,0.001,10,8,0.9454998663572842,MSE_train
9,RIDGE,0.001,10,9,0.9434128245051089,MSE_train
10,RIDGE,0.001,10,10,0.9421639413753654,MSE_train
11,RIDGE,0.001,10,11,0.9410649893626303,MSE_train
12,RIDGE,0.001,10,12,0.9397431137769675,MSE_train
13,RIDGE,0.001,10,13,0.9380995283527448,MSE_train
14,RIDGE,0.001,10,14,0.9362027103463914,MSE_train
15,RIDGE,0.001,10,15,0.9341980589391753,MSE_train
16,RIDGE,0.001,10,16,0.9322368694401025,MSE_train
17,RIDGE,0.001,10,17,0.9304311408810376,MSE_train
18,RIDGE,0.001,10,18,0.9288384692199673,MSE_train
19,RIDGE,0.001,10,19,0.9274692382082422,MSE_train
20,RIDGE,0.001,10,20,0.9263029207929031,MSE_train
0,LASSO,0.001,10,0,1.0708851050173092,MSE
1,LASSO,0.001,10,1,1.005803127616769,MSE
2,LASSO,0.001,10,2,1.0131244140738747,MSE
3,LASSO,0.001,10,3,1.0182248431264558,MSE
4,LASSO,0.001,10,4,1.0154027639420773,MSE
5,LASSO,0.001,10,5,1.0162944366018656,MSE
6,LASSO,0.001,10,6,1.017624656794776,MSE
7,LASSO,0.001,10,7,1.0187420735184258,MSE
8,LASSO,0.001,10,8,1.0198690229434522,MSE
9,LASSO,0.001,10,9,1.0209286225782608,MSE
10,LASSO,0.001,10,10,1.0217683850468215,MSE
11,LASSO,0.001,10,11,1.0231168502660746,MSE
12,LASSO,0.001,10,12,1.0241874174399985,MSE
13,LASSO,0.001,10,13,1.025006164739702,MSE
14,LASSO,0.001,10,14,1.0255985275554294,MSE
15,LASSO,0.001,10,15,1.02617059259695,MSE
16,LASSO,0.001,10,16,1.0265092990214322,MSE
17,LASSO,0.001,10,17,1.0267388555918928,MSE
18,LASSO,0.001,10,18,1.0268285180260421,MSE
19,LASSO,0.001,10,19,1.0268306527930966,MSE
20,LASSO,0.001,10,20,1.026585442589927,MSE
0,LASSO,0.001,10,0,0.002670678870369602,Bias
1,LASSO,0.001,10,1,-0.13291492221622517,Bias
2,LASSO,0.001,10,2,-0.1268232938753134,Bias
3,LASSO,0.001,10,3,-0.12367493811140716,Bias
4,LASSO,0.001,10,4,-0.13048003189509852,Bias
5,LASSO,0.001,10,5,-0.13178017189355695,Bias
6,LASSO,0.001,10,6,-0.1317495627502695,Bias
7,LASSO,0.001,10,7,-0.1315580281948093,Bias
8,LASSO,0.001,10,8,-0.13128401918581187,Bias
9,LASSO,0.001,10,9,-0.13068242156675253,Bias
10,LASSO,0.001,10,10,-0.13023241558803145,Bias
11,LASSO,0.001,10,11,-0.1292819288068371,Bias
12,LASSO,0.001,10,12,-0.12843513075282936,Bias
13,LASSO,0.001,10,13,-0.1278368441862402,Bias
14,LASSO,0.001,10,14,-0.12740853349623354,Bias
15,LASSO,0.001,10,15,-0.12687525245494893,Bias
16,LASSO,0.001,10,16,-0.12654527488004852,Bias
17,LASSO,0.001,10,17,-0.12637211732373496,Bias
18,LASSO,0.001,10,18,-0.12634163809088228,Bias
19,LASSO,0.001,10,19,-0.1263671003567096,Bias
20,LASSO,0.001,10,20,-0.12658805570914533,Bias
0,LASSO,0.001,10,0,9.80473426233502e-33,Variance
1,LASSO,0.001,10,1,0.07050362368605449,Variance
2,LASSO,0.001,10,2,0.07173328180224837,Variance
3,LASSO,0.001,10,3,0.07368535509092322,Variance
4,LASSO,0.001,10,4,0.07766836969023624,Variance
5,LASSO,0.001,10,5,0.07986018234848306,Variance
6,LASSO,0.001,10,6,0.08115979339810603,Variance
7,LASSO,0.001,10,7,0.08208567556629554,Variance
8,LASSO,0.001,10,8,0.08293861598232471,Variance
9,LASSO,0.001,10,9,0.08339661799807384,Variance
10,LASSO,0.001,10,10,0.08378637448791339,Variance
11,LASSO,0.001,10,11,0.08418435292597207,Variance
12,LASSO,0.001,10,12,0.08440812204588836,Variance
13,LASSO,0.001,10,13,0.08462858277900262,Variance
14,LASSO,0.001,10,14,0.08479263490472339,Variance
15,LASSO,0.001,10,15,0.08483141890495936,Variance
16,LASSO,0.001,10,16,0.08484014775454125,Variance
17,LASSO,0.001,10,17,0.08489654676868807,Variance
18,LASSO,0.001,10,18,0.08495572996998481,Variance
19,LASSO,0.001,10,19,0.08498332700286666,Variance
20,LASSO,0.001,10,20,0.08495907215213282,Variance
0,LASSO,0.001,10,0,-0.009221851734142755,R2
1,LASSO,0.001,10,1,0.051872342466450914,R2
2,LASSO,0.001,10,2,0.0446478099544699,R2
3,LASSO,0.001,10,3,0.03936075810537053,R2
4,LASSO,0.001,10,4,0.041668111120887745,R2
5,LASSO,0.001,10,5,0.04065432477351151,R2
6,LASSO,0.001,10,6,0.03925192636760333,R2
7,LASSO,0.001,10,7,0.038063027392059405,R2
8,LASSO,0.001,10,8,0.03694522777852146,R2
9,LASSO,0.001,10,9,0.03591706803261957,R2
10,LASSO,0.001,10,10,0.03510161946756255,R2
11,LASSO,0.001,10,11,0.03375270095884421,R2
12,LASSO,0.001,10,12,0.03275578772951301,R2
13,LASSO,0.001,10,13,0.03195173775380448,R2
14,LASSO,0.001,10,14,0.03138616326834376,R2
15,LASSO,0.001,10,15,0.03085152491794743,R2
16,LASSO,0.001,10,16,0.030552512367195514,R2
17,LASSO,0.001,10,17,0.030355253368036673,R2
18,LASSO,0.001,10,18,0.03028512932901452,R2
19,LASSO,0.001,10,19,0.030280675610491335,R2
20,LASSO,0.001,10,20,0.03050805442500937,R2
0,LASSO,0.001,10,0,1.0682154261469394,MSE_train
1,LASSO,0.001,10,1,0.9921268202370731,MSE_train
2,LASSO,0.001,10,2,0.989244649661938,MSE_train
3,LASSO,0.001,10,3,0.9848539823637843,MSE_train
4,LASSO,0.001,10,4,0.9785336648283175,MSE_train
5,LASSO,0.001,10,5,0.9769272702042835,MSE_train
6,LASSO,0.001,10,6,0.9760332233225705,MSE_train
7,LASSO,0.001,10,7,0.9754983936317292,MSE_train
8,LASSO,0.001,10,8,0.975102487713375,MSE_train
9,LASSO,0.001,10,9,0.9747863001720524,MSE_train
10,LASSO,0.001,10,10,0.9745568625074053,MSE_train
11,LASSO,0.001,10,11,0.974307447277542,MSE_train
12,LASSO,0.001,10,12,0.9740534085729311,MSE_train
13,LASSO,0.001,10,13,0.9737767136277409,MSE_train
14,LASSO,0.001,10,14,0.9734352478665722,MSE_train
15,LASSO,0.001,10,15,0.9731145682431239,MSE_train
16,LASSO,0.001,10,16,0.9727625224619576,MSE_train
17,LASSO,0.001,10,17,0.972414690146356,MSE_train
18,LASSO,0.001,10,18,0.9720694336046435,MSE_train
19,LASSO,0.001,10,19,0.9717871264489223,MSE_train
20,LASSO,0.001,10,20,0.9714988522041044,MSE_train
0,RIDGE,0.1,10,0,1.0708836644927542,MSE
1,RIDGE,0.1,10,1,1.00571230832212,MSE
2,RIDGE,0.1,10,2,1.016334809071176,MSE
3,RIDGE,0.1,10,3,1.0203063679776478,MSE
4,RIDGE,0.1,10,4,1.024844595255797,MSE
5,RIDGE,0.1,10,5,1.0284655206333493,MSE
6,RIDGE,0.1,10,6,1.0310149730138016,MSE
7,RIDGE,0.1,10,7,1.0329117371250813,MSE
8,RIDGE,0.1,10,8,1.0343413528989172,MSE
9,RIDGE,0.1,10,9,1.0354037209039995,MSE
10,RIDGE,0.1,10,10,1.036202143229785,MSE
11,RIDGE,0.1,10,11,1.0368375821389253,MSE
12,RIDGE,0.1,10,12,1.0373895877900936,MSE
13,RIDGE,0.1,10,13,1.0379075330162413,MSE
14,RIDGE,0.1,10,14,1.0384139390333371,MSE
15,RIDGE,0.1,10,15,1.0389139844873454,MSE
16,RIDGE,0.1,10,16,1.0394051417538772,MSE
17,RIDGE,0.1,10,17,1.0398838755617672,MSE
18,RIDGE,0.1,10,18,1.0403489626591504,MSE
19,RIDGE,0.1,10,19,1.040802286878126,MSE
20,RIDGE,0.1,10,20,1.0412482525940066,MSE
0,RIDGE,0.1,10,0,0.002669238345814685,Bias
1,RIDGE,0.1,10,1,-0.136243736853731,Bias
2,RIDGE,0.1,10,2,-0.12913138066494714,Bias
3,RIDGE,0.1,10,3,-0.1293922215279417,Bias
4,RIDGE,0.1,10,4,-0.1296949967989137,Bias
5,RIDGE,0.1,10,5,-0.1293342458059253,Bias
6,RIDGE,0.1,10,6,-0.12875141520686612,Bias
7,RIDGE,0.1,10,7,-0.12818496858489806,Bias
8,RIDGE,0.1,10,8,-0.12775557305018773,Bias
9,RIDGE,0.1,10,9,-0.12753211654591057,Bias
10,RIDGE,0.1,10,10,-0.12751324340394582,Bias
11,RIDGE,0.1,10,11,-0.1276464609407579,Bias
12,RIDGE,0.1,10,12,-0.12786351450467126,Bias
13,RIDGE,0.1,10,13,-0.12810656228058293,Bias
14,RIDGE,0.1,10,14,-0.12833873617543884,Bias
15,RIDGE,0.1,10,15,-0.12854329632890715,Bias
16,RIDGE,0.1,10,16,-0.12871770361597376,Bias
17,RIDGE,0.1,10,17,-0.12886708347561668,Bias
18,RIDGE,0.1,10,18,-0.12899917391459217,Bias
19,RIDGE,0.1,10,19,-0.12912124082481255,Bias
20,RIDGE,0.1,10,20,-0.1292386635527698,Bias
0,RIDGE,0.1,10,0,2.4091632758880333e-32,Variance
1,RIDGE,0.1,10,1,0.07374161902891142,Variance
2,RIDGE,0.1,10,2,0.07725176358918356,Variance
3,RIDGE,0.1,10,3,0.08148416335864993,Variance
4,RIDGE,0.1,10,4,0.08632516590777098,Variance
5,RIDGE,0.1,10,5,0.0895853402923351,Variance
6,RIDGE,0.1,10,6,0.09155196207372793,Variance
7,RIDGE,0.1,10,7,0.09288227956303981,Variance
8,RIDGE,0.1,10,8,0.0938824998021654,Variance
9,RIDGE,0.1,10,9,0.09472141130297045,Variance
10,RIDGE,0.1,10,10,0.09550096048679117,Variance
11,RIDGE,0.1,10,11,0.09626961693274376,Variance
12,RIDGE,0.1,10,12,0.09703867614782538,Variance
13,RIDGE,0.1,10,13,0.0977996691498847,Variance
14,RIDGE,0.1,10,14,0.09853824906183654,Variance
15,RIDGE,0.1,10,15,0.0992428546693127,Variance
16,RIDGE,0.1,10,16,0.09990841922291135,Variance
17,RIDGE,0.1,10,17,0.10053653289044426,Variance
18,RIDGE,0.1,10,18,0.1011337104268032,Variance
19,RIDGE,0.1,10,19,0.10170910155599888,Variance
20,RIDGE,0.1,10,20,0.10227248999983685,Variance
0,RIDGE,0.1,10,0,-0.009223828056884457,R2
1,RIDGE,0.1,10,1,0.051923793292879716,R2
2,RIDGE,0.1,10,2,0.04100444828760163,R2
3,RIDGE,0.1,10,3,0.03683409673305562,R2
4,RIDGE,0.1,10,4,0.03250738660027525,R2
5,RIDGE,0.1,10,5,0.029046065168993763,R2
6,RIDGE,0.1,10,6,0.02657987668536395,R2
7,RIDGE,0.1,10,7,0.024734015160201975,R2
8,RIDGE,0.1,10,8,0.023347198663465008,R2
9,RIDGE,0.1,10,9,0.022326918283905556,R2
10,RIDGE,0.1,10,10,0.02157028540298076,R2
11,RIDGE,0.1,10,11,0.020976786524930843,R2
12,RIDGE,0.1,10,12,0.02046918095524248,R2
13,RIDGE,0.1,10,13,0.020000933605845976,R2
14,RIDGE,0.1,10,14,0.019551343448273913,R2
15,RIDGE,0.1,10,15,0.01911552605428482,R2
16,RIDGE,0.1,10,16,0.018695119447133268,R2
17,RIDGE,0.1,10,17,0.01829220087387191,R2
18,RIDGE,0.1,10,18,0.01790646806310203,R2
19,RIDGE,0.1,10,19,0.01753471710096022,R2
20,RIDGE,0.1,10,20,0.017171520599859238,R2
0,RIDGE,0.1,10,0,1.0682144351199019,MSE_train
1,RIDGE,0.1,10,1,0.9920719830357234,MSE_train
2,RIDGE,0.1,10,2,0.9873971853328105,MSE_train
3,RIDGE,0.1,10,3,0.9790390700469298,MSE_train
4,RIDGE,0.1,10,4,0.9741863885861667,MSE_train
5,RIDGE,0.1,10,5,0.9718094936348559,MSE_train
6,RIDGE,0.1,10,6,0.9701770188245409,MSE_train
7,RIDGE,0.1,10,7,0.9687684880868144,MSE_train
8,RIDGE,0.1,10,8,0.9673387348797551,MSE_train
9,RIDGE,0.1,10,9,0.9658406952526518,MSE_train
10,RIDGE,0.1,10,10,0.9643426799478727,MSE_train
11,RIDGE,0.1,10,11,0.9629313312881633,MSE_train
12,RIDGE,0.1,10,12,0.9616644947375415,MSE_train
13,RIDGE,0.1,10,13,0.9605618244530929,MSE_train
14,RIDGE,0.1,10,14,0.9596134271849942,MSE_train
15,RIDGE,0.1,10,15,0.9587932069762456,MSE_train
16,RIDGE,0.1,10,16,0.9580701018661482,MSE_train
17,RIDGE,0.1,10,17,0.9574152003583363,MSE_train
18,RIDGE,0.1,10,18,0.9568051574424902,MSE_train
19,RIDGE,0.1,10,19,0.9562230631585301,MSE_train
20,RIDGE,0.1,10,20,0.9556578647450915,MSE_train
0,LASSO,0.1,10,0,1.0808902594516256,MSE
1,LASSO,0.1,10,1,1.0808902594516259,MSE
2,LASSO,0.1,10,2,1.0808902594516259,MSE
3,LASSO,0.1,10,3,1.0808902594516259,MSE
4,LASSO,0.1,10,4,1.0808902594516259,MSE
5,LASSO,0.1,10,5,1.0808902594516259,MSE
6,LASSO,0.1,10,6,1.0808902594516259,MSE
7,LASSO,0.1,10,7,1.0808902594516259,MSE
8,LASSO,0.1,10,8,1.0808902594516259,MSE
9,LASSO,0.1,10,9,1.0808902594516259,MSE
10,LASSO,0.1,10,10,1.0808902594516259,MSE
11,LASSO,0.1,10,11,1.0808902594516259,MSE
12,LASSO,0.1,10,12,1.0808902594516259,MSE
13,LASSO,0.1,10,13,1.0808902594516259,MSE
14,LASSO,0.1,10,14,1.0808902594516259,MSE
15,LASSO,0.1,10,15,1.0808902594516259,MSE
16,LASSO,0.1,10,16,1.0808902594516259,MSE
17,LASSO,0.1,10,17,1.0808902594516259,MSE
18,LASSO,0.1,10,18,1.0808902594516259,MSE
19,LASSO,0.1,10,19,1.0808902594516259,MSE
20,LASSO,0.1,10,20,1.0808902594516259,MSE
0,LASSO,0.1,10,0,0.012675833304686433,Bias
1,LASSO,0.1,10,1,0.012675833304686468,Bias
2,LASSO,0.1,10,2,0.012675833304686468,Bias
3,LASSO,0.1,10,3,0.012675833304686468,Bias
4,LASSO,0.1,10,4,0.012675833304686468,Bias
5,LASSO,0.1,10,5,0.012675833304686468,Bias
6,LASSO,0.1,10,6,0.012675833304686468,Bias
7,LASSO,0.1,10,7,0.012675833304686468,Bias
8,LASSO,0.1,10,8,0.012675833304686468,Bias
9,LASSO,0.1,10,9,0.012675833304686468,Bias
10,LASSO,0.1,10,10,0.012675833304686468,Bias
11,LASSO,0.1,10,11,0.012675833304686468,Bias
12,LASSO,0.1,10,12,0.012675833304686468,Bias
13,LASSO,0.1,10,13,0.012675833304686468,Bias
14,LASSO,0.1,10,14,0.012675833304686468,Bias
15,LASSO,0.1,10,15,0.012675833304686468,Bias
16,LASSO,0.1,10,16,0.012675833304686468,Bias
17,LASSO,0.1,10,17,0.012675833304686468,Bias
18,LASSO,0.1,10,18,0.012675833304686468,Bias
19,LASSO,0.1,10,19,0.012675833304686468,Bias
20,LASSO,0.1,10,20,0.012675833304686468,Bias
0,LASSO,0.1,10,0,5.042434763486582e-33,Variance
1,LASSO,0.1,10,1,5.322570028124725e-33,Variance
2,LASSO,0.1,10,2,5.322570028124725e-33,Variance
3,LASSO,0.1,10,3,5.322570028124725e-33,Variance
4,LASSO,0.1,10,4,5.322570028124725e-33,Variance
5,LASSO,0.1,10,5,5.322570028124725e-33,Variance
6,LASSO,0.1,10,6,5.322570028124725e-33,Variance
7,LASSO,0.1,10,7,5.322570028124725e-33,Variance
8,LASSO,0.1,10,8,5.322570028124725e-33,Variance
9,LASSO,0.1,10,9,5.322570028124725e-33,Variance
10,LASSO,0.1,10,10,5.322570028124725e-33,Variance
11,LASSO,0.1,10,11,5.322570028124725e-33,Variance
12,LASSO,0.1,10,12,5.322570028124725e-33,Variance
13,LASSO,0.1,10,13,5.322570028124725e-33,Variance
14,LASSO,0.1,10,14,5.322570028124725e-33,Variance
15,LASSO,0.1,10,15,5.322570028124725e-33,Variance
16,LASSO,0.1,10,16,5.322570028124725e-33,Variance
17,LASSO,0.1,10,17,5.322570028124725e-33,Variance
18,LASSO,0.1,10,18,5.322570028124725e-33,Variance
19,LASSO,0.1,10,19,5.322570028124725e-33,Variance
20,LASSO,0.1,10,20,5.322570028124725e-33,Variance
0,LASSO,0.1,10,0,-0.018467083933461748,R2
1,LASSO,0.1,10,1,-0.01846708393346177,R2
2,LASSO,0.1,10,2,-0.01846708393346177,R2
3,LASSO,0.1,10,3,-0.01846708393346177,R2
4,LASSO,0.1,10,4,-0.01846708393346177,R2
5,LASSO,0.1,10,5,-0.01846708393346177,R2
6,LASSO,0.1,10,6,-0.01846708393346177,R2
7,LASSO,0.1,10,7,-0.01846708393346177,R2
8,LASSO,0.1,10,8,-0.01846708393346177,R2
9,LASSO,0.1,10,9,-0.01846708393346177,R2
10,LASSO,0.1,10,10,-0.01846708393346177,R2
11,LASSO,0.1,10,11,-0.01846708393346177,R2
12,LASSO,0.1,10,12,-0.01846708393346177,R2
13,LASSO,0.1,10,13,-0.01846708393346177,R2
14,LASSO,0.1,10,14,-0.01846708393346177,R2
15,LASSO,0.1,10,15,-0.01846708393346177,R2
16,LASSO,0.1,10,16,-0.01846708393346177,R2
17,LASSO,0.1,10,17,-0.01846708393346177,R2
18,LASSO,0.1,10,18,-0.01846708393346177,R2
19,LASSO,0.1,10,19,-0.01846708393346177,R2
20,LASSO,0.1,10,20,-0.01846708393346177,R2
0,LASSO,0.1,10,0,1.0782144261469395,MSE_train
1,LASSO,0.1,10,1,1.0782144261469395,MSE_train
2,LASSO,0.1,10,2,1.0782144261469395,MSE_train
3,LASSO,0.1,10,3,1.0782144261469395,MSE_train
4,LASSO,0.1,10,4,1.0782144261469395,MSE_train
5,LASSO,0.1,10,5,1.0782144261469395,MSE_train
6,LASSO,0.1,10,6,1.0782144261469395,MSE_train
7,LASSO,0.1,10,7,1.0782144261469395,MSE_train
8,LASSO,0.1,10,8,1.0782144261469395,MSE_train
9,LASSO,0.1,10,9,1.0782144261469395,MSE_train
10,LASSO,0.1,10,10,1.0782144261469395,MSE_train
11,LASSO,0.1,10,11,1.0782144261469395,MSE_train
12,LASSO,0.1,10,12,1.0782144261469395,MSE_train
13,LASSO,0.1,10,13,1.0782144261469395,MSE_train
14,LASSO,0.1,10,14,1.0782144261469395,MSE_train
15,LASSO,0.1,10,15,1.0782144261469395,MSE_train
16,LASSO,0.1,10,16,1.0782144261469395,MSE_train
17,LASSO,0.1,10,17,1.0782144261469395,MSE_train
18,LASSO,0.1,10,18,1.0782144261469395,MSE_train
19,LASSO,0.1,10,19,1.0782144261469395,MSE_train
20,LASSO,0.1,10,20,1.0782144261469395,MSE_train
